Date,Batting Team,Bowling Team,Striker,Non-Striker,Bowler,Innings,Unique,Over Number,Over Ball,Runs,Wides,Team Runs,Remaining Overs,Lead By,Trail By,Fall Of Wickets,Day,Session,Leg Byes,No Balls,Balls,Byes,Remaining Balls,Remaining Runs,Run Rate,Batter Sixes,Batter Runs,Batter Fours,Batter Balls,Batter Total Runs,Dismissal Type,Dismissal Fielder,On Field Minutes,Shot Angle,Shot Magnitude,Wagon Position,Pitching Length,Pitching Line,Shot Connection,False Shot,Feet Movement,Shot Type,Delivery Type,Bowling Side,Bowling Type,Bowling Hand,Catch Difficulty,Bounce_Angle,Pitch_x,Pitch_y,Friction,Restitution,Deviation,Reaction Time,Release Speed,Swing,Swing Distance,Six Distance
2025-3-24 19:30:00,Mumbai Indians,Chennai Super Kings,Rohit Sharma,Ryan Rickelton,Khaleel Ahmed,1,0.1,1,1,0,0,0,19.5,0,0,0,1,1,0,0,1,0,119,,0.0,0,0,0,1,0,,,0,316,22,Short Leg,Length Delivery,Outside Leg,Missed,1,Front Foot,Worked,Straight Ball,Over,Fast,Left,0.0,5.494,7.992,0.34,0.114,0.415,0.058,0.475,86.165,-0.159,-0.019,-1.0
2025-3-24 19:30:00,Mumbai Indians,Chennai Super Kings,Rohit Sharma,Ryan Rickelton,Khaleel Ahmed,1,0.2,1,2,0,0,0,19.4,0,0,0,1,1,0,0,2,0,118,,0.0,0,0,0,2,0,,,0,90,48,Wicketkeeper,Length Delivery,Outside Off,Missed,1,Front Foot,Forward Defensive,Straight Ball,Over,Fast,Left,0.0,8.027,6.268,-0.111,0.145,0.655,0.007,0.534,84.831,0.566,0.057,-1.0
2025-3-24 19:30:00,Mumbai Indians,Chennai Super Kings,Rohit Sharma,Ryan Rickelton,Khaleel Ahmed,1,0.3,1,3,0,0,0,19.3,0,0,0,1,1,0,0,3,0,117,,0.0,0,0,0,3,0,,,0,270,40,Bowler,Back of Length,Outside Leg,MisTimed,1,Back Foot,Worked,Straight Ball,Over,Fast,Left,0.0,8.421,9.262,0.199,0.148,0.575,-0.414,0.487,83.926,0.159,0.012,-1.0
2025-3-24 19:30:00,Mumbai Indians,Chennai Super Kings,Rohit Sharma,Ryan Rickelton,Khaleel Ahmed,1,0.4,1,4,0,0,0,19.2,0,0,1,1,1,0,0,4,0,116,,0.0,0,0,0,4,0,caught,Shivam Dube,3,340,83,Mid Wicket,Length Delivery,Outside Leg,MisTimed,1,Front Foot,Flick,Straight Ball,Over,Fast,Left,1.0,6.753,6.617,0.202,0.1,0.554,-0.365,0.457,85.293,1.486,0.146,-1.0
2025-3-24 19:30:00,Mumbai Indians,Chennai Super Kings,Will Jacks,Ryan Rickelton,Khaleel Ahmed,1,0.5,1,5,0,0,0,19.1,0,0,0,1,1,0,0,5,0,115,,0.0,0,0,0,1,0,,,0,90,48,Wicketkeeper,Length Delivery,Off stump,Missed,1,Front Foot,Forward Defensive,Straight Ball,Over,Fast,Left,0.0,9.0,7.464,0.044,0.142,0.69,-0.874,0.538,84.768,0.32,0.003,-1.0
2025-3-24 19:30:00,Mumbai Indians,Chennai Super Kings,Will Jacks,Ryan Rickelton,Khaleel Ahmed,1,0.6,1,6,4,0,4,19.0,0,0,0,1,1,0,0,6,0,114,,4.0,0,4,1,2,4,,,0,3,173,Deep Square Leg,Length Delivery,Outside Leg,Middled,0,Front Foot,Flick,Straight Ball,Over,Fast,Left,0.0,6.308,4.092,0.338,0.133,0.58,-0.212,0.448,86.545,-0.006,-0.001,-1.0
2025-3-24 19:30:00,Mumbai Indians,Chennai Super Kings,Ryan Rickelton,Will Jacks,Sam Curran,1,1.1,2,1,4,0,8,18.5,0,0,0,1,1,0,0,7,0,113,,6.85,0,4,1,1,4,,,0,220,190,Deep Mid Wicket,Back of Length,Outside Off,Middled,0,Back Foot,Flick,Straight Ball,Over,Fast,Left,0.0,7.685,8.207,0.13,0.137,0.583,-0.122,0.528,77.355,-0.126,0.186,-1.0
2025-3-24 19:30:00,Mumbai Indians,Chennai Super Kings,Ryan Rickelton,Will Jacks,Sam Curran,1,1.2,2,2,0,0,8,18.4,0,0,0,1,1,0,0,8,0,112,,6.0,0,0,1,2,4,,,0,286,90,Mid Off,Length Delivery,Middle stump,Good,0,Front Foot,Drive,Out Swing,Over,Fast,Left,0.0,9.317,5.915,0.009,0.173,0.733,0.968,0.499,80.111,1.806,0.192,-1.0
2025-3-24 19:30:00,Mumbai Indians,Chennai Super Kings,Ryan Rickelton,Will Jacks,Sam Curran,1,1.3,2,3,4,0,12,18.3,0,0,0,1,1,0,0,9,0,111,,8.0,0,4,2,3,8,,,0,263,192,Long On,Back of Length,Outside Off,Middled,0,Back Foot,Drive,Straight Ball,Over,Fast,Left,0.0,7.912,9.051,0.231,0.137,0.533,-0.337,0.529,77.497,0.538,0.042,-1.0
2025-3-24 19:30:00,Mumbai Indians,Chennai Super Kings,Ryan Rickelton,Will Jacks,Sam Curran,1,1.4,2,4,0,0,12,18.2,0,0,0,1,1,0,0,10,0,110,,7.2,0,0,2,4,8,,,0,216,51,Short Mid Wicket,Length Delivery,Off stump,Good,0,Back Foot,Worked,Straight Ball,Over,Fast,Left,0.0,8.438,7.797,0.09,0.139,0.647,0.313,0.511,79.926,-0.702,-0.055,-1.0
2025-3-24 19:30:00,Mumbai Indians,Chennai Super Kings,Ryan Rickelton,Will Jacks,Sam Curran,1,1.5,2,5,1,0,13,18.1,0,0,0,1,1,0,0,11,0,109,,7.09,0,1,2,5,9,,,0,253,147,Long On,Back of Length,Outside Off,Good,0,Back Foot,Worked,Straight Ball,Over,Fast,Left,0.0,8.268,8.804,0.182,0.177,0.584,0.399,0.515,80.261,-0.371,-0.028,-1.0
2025-3-24 19:30:00,Mumbai Indians,Chennai Super Kings,Will Jacks,Ryan Rickelton,Sam Curran,1,1.6,2,6,4,0,17,18.0,0,0,0,1,1,0,0,12,0,108,,8.5,0,4,2,3,8,,,0,310,181,Long On,Length Delivery,Middle stump,Middled,0,Front Foot,Drive,Straight Ball,Over,Fast,Left,0.0,7.327,6.537,0.03,0.128,0.603,0.536,0.469,81.738,-0.387,-0.039,-1.0
2025-3-24 19:30:00,Mumbai Indians,Chennai Super Kings,Ryan Rickelton,Will Jacks,Khaleel Ahmed,1,2.1,3,1,4,0,21,17.5,0,0,0,1,1,0,0,13,0,107,,9.69,0,4,3,6,13,,,0,342,182,Deep Cover,Back of Length,Outside Off,Middled,0,Back Foot,Drive,InSwinger,Over,Fast,Left,0.0,8.532,9.298,0.545,0.24,0.577,-0.576,0.507,83.057,-0.265,-0.022,-1.0
2025-3-24 19:30:00,Mumbai Indians,Chennai Super Kings,Ryan Rickelton,Will Jacks,Khaleel Ahmed,1,2.2,3,2,0,0,21,17.4,0,0,2,1,1,0,0,14,0,106,,9.0,0,0,3,7,13,bowled,,11,0,0,,Length Delivery,Wide Off,Inside Edge,1,Front Foot,Drive,Straight Ball,Over,Fast,Left,0.0,7.028,7.243,0.654,0.197,0.569,0.06,0.483,85.229,-0.36,-0.034,-1.0
2025-3-24 19:30:00,Mumbai Indians,Chennai Super Kings,Suryakumar Yadav,Will Jacks,Khaleel Ahmed,1,2.3,3,3,0,0,21,17.3,0,0,0,1,1,0,0,15,0,105,,8.4,0,0,0,1,0,,,0,339,77,Mid Wicket,Length Delivery,Outside Leg,MisTimed,1,Front Foot,Flick,Straight Ball,Over,Fast,Left,0.0,5.099,4.727,0.244,0.155,0.456,0.402,0.472,83.811,0.136,0.009,-1.0
2025-3-24 19:30:00,Mumbai Indians,Chennai Super Kings,Suryakumar Yadav,Will Jacks,Khaleel Ahmed,1,2.4,3,4,0,0,21,17.2,0,0,0,1,1,0,0,16,0,104,,7.87,0,0,0,2,0,,,0,270,40,Bowler,Length Delivery,Outside Leg,Good,0,Back Foot,Backward Defensive,Straight Ball,Over,Fast,Left,0.0,8.795,7.731,0.174,0.221,0.667,0.056,0.487,86.181,0.109,0.005,-1.0
2025-3-24 19:30:00,Mumbai Indians,Chennai Super Kings,Suryakumar Yadav,Will Jacks,Khaleel Ahmed,1,2.5,3,5,0,0,21,17.1,0,0,0,1,1,0,0,17,0,103,,7.41,0,0,0,3,0,,,0,184,68,Point,Back of Length,Leg stump,Good,0,Back Foot,Backward Defensive,Straight Ball,Over,Fast,Left,0.0,9.408,8.49,0.11,0.127,0.7,0.46,0.5,84.788,-0.319,-0.032,-1.0
2025-3-24 19:30:00,Mumbai Indians,Chennai Super Kings,Suryakumar Yadav,Will Jacks,Khaleel Ahmed,1,2.6,3,6,0,0,21,17.0,0,0,0,1,1,0,0,18,0,102,,7.0,0,0,0,4,0,,,0,164,75,Backward Point,Back of Length,Outside Leg,Good,0,Back Foot,Steer,Out Swing,Over,Fast,Left,0.0,8.069,8.921,0.183,0.148,0.565,-0.805,0.504,83.337,-0.209,-0.017,-1.0
2025-3-24 19:30:00,Mumbai Indians,Chennai Super Kings,Will Jacks,Suryakumar Yadav,Nathan Ellis,1,3.1,4,1,1,0,22,16.5,0,0,0,1,1,0,0,19,0,101,,6.94,0,1,2,4,9,,,0,5,147,Deep Square Leg,Back of Length,Off stump,Good,0,Back Foot,Worked,Slower Ball,Over,Medium,Right,0.0,9.605,10.072,-0.135,0.188,0.583,-0.979,0.596,68.731,0.899,-0.012,-1.0
2025-3-24 19:30:00,Mumbai Indians,Chennai Super Kings,Suryakumar Yadav,Will Jacks,Nathan Ellis,1,3.2,4,2,2,0,24,16.4,0,0,0,1,1,0,0,20,0,100,,7.2,0,2,0,5,2,,,0,347,135,Deep Mid Wicket,Back of Length,Outside Off,Good,0,Back Foot,Pull,Straight Ball,Over,Medium,Right,0.0,7.66,10.255,-0.249,0.115,0.52,-0.079,0.506,82.807,0.027,0.002,-1.0
2025-3-24 19:30:00,Mumbai Indians,Chennai Super Kings,Suryakumar Yadav,Will Jacks,Nathan Ellis,1,3.3,4,3,1,0,25,16.3,0,0,0,1,1,0,0,21,0,99,,7.14,0,1,0,6,3,,,0,236,99,Mid Off,Back of Length,Outside Off,Good,0,Back Foot,Drive,Straight Ball,Over,Medium,Right,0.0,7.415,9.712,-0.386,0.155,0.524,-0.163,0.509,81.793,0.247,-0.036,-1.0
2025-3-24 19:30:00,Mumbai Indians,Chennai Super Kings,Will Jacks,Suryakumar Yadav,Nathan Ellis,1,3.4,4,4,1,0,26,16.2,0,0,0,1,1,0,0,22,0,98,,7.09,0,1,2,5,10,,,0,303,111,Mid On,Back of Length,Outside Off,Good,0,Back Foot,Worked,Straight Ball,Over,Medium,Right,0.0,7.521,8.172,-0.184,0.169,0.606,-0.12,0.464,86.491,0.294,0.021,-1.0
2025-3-24 19:30:00,Mumbai Indians,Chennai Super Kings,Suryakumar Yadav,Will Jacks,Nathan Ellis,1,3.5,4,5,4,0,30,16.1,0,0,0,1,1,0,0,23,0,97,,7.82,0,4,1,7,7,,,0,326,187,Deep Mid Wicket,Back of Length,Outside Off,Middled,0,Back Foot,Pull,Straight Ball,Over,Medium,Right,0.0,7.975,9.722,-0.308,0.153,0.572,-0.723,0.489,82.823,0.611,0.069,-1.0
2025-3-24 19:30:00,Mumbai Indians,Chennai Super Kings,Suryakumar Yadav,Will Jacks,Nathan Ellis,1,3.6,4,6,0,0,30,16.0,0,0,0,1,1,0,0,24,0,96,,7.5,0,0,1,8,7,,,0,270,40,Bowler,Back of Length,Outside Off,MisTimed,1,Back Foot,Worked,Straight Ball,Over,Medium,Right,0.0,7.862,9.547,-0.253,0.115,0.563,0.197,0.49,85.548,0.694,0.028,-1.0
2025-3-24 19:30:00,Mumbai Indians,Chennai Super Kings,Will Jacks,Suryakumar Yadav,Ravichandran Ashwin,1,4.1,5,1,1,0,31,15.5,0,0,0,1,1,0,0,25,0,95,,7.44,0,1,2,6,11,,,0,285,158,Long On,Length Delivery,Outside Off,Good,0,Back Foot,Worked,Off Break,Over,OffSpin,Right,0.0,10.475,4.295,-0.276,0.238,0.658,-0.602,0.7,57.561,-0.134,-0.017,-1.0
2025-3-24 19:30:00,Mumbai Indians,Chennai Super Kings,Suryakumar Yadav,Will Jacks,Ravichandran Ashwin,1,4.2,5,2,4,0,35,15.4,0,0,0,1,1,0,0,26,0,94,,8.07,0,4,2,9,11,,,0,222,186,Deep Extra Cover,Length Delivery,Outside Off,Middled,0,Front Foot,Drive,CarromBall,Over,OffSpin,Right,0.0,10.302,3.641,-0.329,0.168,0.595,-0.942,0.689,55.929,0.529,0.064,-1.0
2025-3-24 19:30:00,Mumbai Indians,Chennai Super Kings,Suryakumar Yadav,Will Jacks,Ravichandran Ashwin,1,4.3,5,3,1,0,36,15.3,0,0,0,1,1,0,0,27,0,93,,8.0,0,1,2,10,12,,,0,320,112,Mid Wicket,Length Delivery,Middle stump,Good,0,Front Foot,Worked,CarromBall,Over,OffSpin,Right,0.0,9.983,5.738,0.003,0.165,0.599,-1.231,0.685,57.612,0.43,0.046,-1.0
2025-3-24 19:30:00,Mumbai Indians,Chennai Super Kings,Will Jacks,Suryakumar Yadav,Ravichandran Ashwin,1,4.4,5,4,0,0,36,15.2,0,0,3,1,1,0,0,28,0,92,,7.71,0,0,2,7,11,caught,Shivam Dube,19,239,113,Mid Off,Length Delivery,Outside Off,MisTimed,1,Front Foot,Drive,CarromBall,Over,OffSpin,Right,1.0,9.739,6.037,-0.186,0.181,0.576,-1.492,0.655,58.402,0.254,0.027,-1.0
2025-3-24 19:30:00,Mumbai Indians,Chennai Super Kings,Tilak Varma,Suryakumar Yadav,Ravichandran Ashwin,1,4.5,5,5,4,0,40,15.1,0,0,0,1,1,0,0,29,0,91,,8.27,0,4,1,1,4,,,0,13,168,Deep Backward Point,Length Delivery,Outside Off,Middled,0,Backs Away,Drive,Off Break,Round,OffSpin,Right,0.0,11.72,4.66,0.401,0.258,0.659,2.397,0.706,55.808,-2.199,-0.252,-1.0
2025-3-24 19:30:00,Mumbai Indians,Chennai Super Kings,Tilak Varma,Suryakumar Yadav,Ravichandran Ashwin,1,4.6,5,6,4,0,44,15.0,0,0,0,1,1,0,0,30,0,90,,8.8,0,4,2,2,8,,,0,31,164,Third Man,Length Delivery,Outside Off,Middled,0,Front Foot,Reverse Sweep,Off Break,Round,OffSpin,Right,0.0,11.927,4.667,0.156,0.232,0.638,2.508,0.684,54.162,-2.342,-0.269,-1.0
2025-3-24 19:30:00,Mumbai Indians,Chennai Super Kings,Suryakumar Yadav,Tilak Varma,Khaleel Ahmed,1,5.1,6,1,0,0,44,14.5,0,0,0,1,1,0,0,31,0,89,,8.51,0,0,2,11,12,,,0,244,91,Mid Off,Length Delivery,Middle stump,Good,0,Front Foot,Drive,Straight Ball,Over,Fast,Left,0.0,7.07,5.493,0.015,0.137,0.625,-0.02,0.475,84.727,-0.036,-0.005,-1.0
2025-3-24 19:30:00,Mumbai Indians,Chennai Super Kings,Suryakumar Yadav,Tilak Varma,Khaleel Ahmed,1,5.2,6,2,0,0,44,14.4,0,0,0,1,1,0,0,32,0,88,,8.25,0,0,2,12,12,,,0,306,91,Mid On,Length Delivery,Outside Leg,MisTimed,1,Back Foot,Pushed,Straight Ball,Over,Fast,Left,0.0,6.387,6.403,0.212,0.146,0.544,0.401,0.469,87.876,-0.079,-0.014,-1.0
2025-3-24 19:30:00,Mumbai Indians,Chennai Super Kings,Suryakumar Yadav,Tilak Varma,Khaleel Ahmed,1,5.3,6,3,6,0,50,14.3,0,0,0,1,1,0,0,33,0,87,,9.09,1,6,2,13,18,,,0,351,179,Deep Mid Wicket,Length Delivery,Outside Leg,Middled,0,Front Foot,Flick,Straight Ball,Over,Fast,Left,0.0,7.142,6.204,0.389,0.16,0.609,-0.325,0.46,85.558,-0.062,-0.022,74.0
2025-3-24 19:30:00,Mumbai Indians,Chennai Super Kings,Suryakumar Yadav,Tilak Varma,Khaleel Ahmed,1,5.4,6,4,1,0,51,14.2,0,0,0,1,1,0,0,34,0,86,,9.0,1,1,2,14,19,,,0,166,82,Backward Point,Back of Length,Outside Leg,MisTimed,1,Back Foot,Dropped,Straight Ball,Over,Fast,Left,0.0,10.107,9.059,0.292,0.176,0.707,0.037,0.489,84.042,0.027,0.002,-1.0
2025-3-24 19:30:00,Mumbai Indians,Chennai Super Kings,Tilak Varma,Suryakumar Yadav,Khaleel Ahmed,1,5.5,6,5,0,0,51,14.1,0,0,0,1,1,0,0,35,0,85,,8.74,0,0,2,3,8,,,0,198,66,Mid Wicket,Length Delivery,Outside Off,Good,0,Front Foot,Worked,Straight Ball,Over,Fast,Left,0.0,7.349,6.529,0.201,0.163,0.63,-0.194,0.471,85.383,-0.49,-0.049,-1.0
2025-3-24 19:30:00,Mumbai Indians,Chennai Super Kings,Tilak Varma,Suryakumar Yadav,Khaleel Ahmed,1,5.6,6,6,1,0,52,14.1,0,0,0,1,1,0,1,35,0,85,,8.91,0,0,2,4,8,,,0,90,48,Wicketkeeper,Length Delivery,Wide Off,Left,0,Back Foot,Leave,Out Swing,Over,Fast,Left,0.0,7.851,7.507,1.071,0.147,0.65,-0.531,0.537,84.894,0.974,0.089,-1.0
2025-3-24 19:30:00,Mumbai Indians,Chennai Super Kings,Tilak Varma,Suryakumar Yadav,Khaleel Ahmed,1,5.6,6,7,0,0,52,14.0,0,0,0,1,1,0,0,36,0,84,,8.66,0,0,2,5,8,,,0,90,48,Wicketkeeper,Short Length,Wide Off,Missed,1,Back Foot,Pull,Straight Ball,Over,Fast,Left,0.0,12.061,11.231,0.647,0.233,0.685,0.537,0.566,86.296,-0.785,-0.037,-1.0
2025-3-24 19:30:00,Mumbai Indians,Chennai Super Kings,Suryakumar Yadav,Tilak Varma,Ravindra Jadeja,1,6.1,7,1,0,0,52,13.5,0,0,0,1,1,0,0,37,0,83,,8.43,1,0,2,15,19,,,0,295,19,Short Leg,Half Volley,Outside Leg,Missed,1,Front Foot,Flick,Stock Ball,Round,Orthodox,Left,0.0,6.16,2.62,0.306,0.203,0.374,-2.105,0.643,60.678,1.931,0.252,-1.0
2025-3-24 19:30:00,Mumbai Indians,Chennai Super Kings,Suryakumar Yadav,Tilak Varma,Ravindra Jadeja,1,6.2,7,2,1,0,53,13.4,0,0,0,1,1,0,0,38,0,82,,8.36,1,1,2,16,20,,,0,334,143,Deep Mid Wicket,Length Delivery,Middle stump,Good,0,Front Foot,Worked,Stock Ball,Round,Orthodox,Left,0.0,10.701,5.114,0.044,0.319,0.617,-3.214,0.637,61.432,2.225,0.237,-1.0
2025-3-24 19:30:00,Mumbai Indians,Chennai Super Kings,Tilak Varma,Suryakumar Yadav,Ravindra Jadeja,1,6.3,7,3,0,0,53,13.3,0,0,0,1,1,0,0,39,0,81,,8.15,0,0,2,6,8,,,0,326,95,Extra Cover,Half Volley,Outside Off,Good,0,Front Foot,Drive,QuickerBall,Round,Orthodox,Left,0.0,8.885,2.872,0.223,0.303,0.544,-2.161,0.629,61.721,1.992,0.256,-1.0
2025-3-24 19:30:00,Mumbai Indians,Chennai Super Kings,Tilak Varma,Suryakumar Yadav,Ravindra Jadeja,1,6.4,7,4,6,0,59,13.2,0,0,0,1,1,0,0,40,0,80,,8.85,1,6,2,7,14,,,0,301,187,Long Off,Length Delivery,Outside Off,Middled,0,Backs Away,Drive,Stock Ball,Round,Orthodox,Left,0.0,10.001,4.217,0.228,0.304,0.582,-2.116,0.617,62.663,1.641,0.194,-1.0
2025-3-24 19:30:00,Mumbai Indians,Chennai Super Kings,Tilak Varma,Suryakumar Yadav,Ravindra Jadeja,1,6.5,7,5,0,0,59,13.1,0,0,0,1,1,0,0,41,0,79,,8.63,1,0,2,8,14,,,0,270,40,Bowler,Length Delivery,Middle stump,Good,0,Back Foot,Drive,QuickerBall,Round,Orthodox,Left,0.0,9.87,6.188,0.053,0.248,0.585,-2.097,0.657,62.796,1.676,0.171,-1.0
2025-3-24 19:30:00,Mumbai Indians,Chennai Super Kings,Tilak Varma,Suryakumar Yadav,Ravindra Jadeja,1,6.6,7,6,0,0,59,13.0,0,0,0,1,1,0,0,42,0,78,,8.42,1,0,2,9,14,,,0,90,48,Wicketkeeper,Length Delivery,Outside Off,Missed,1,Front Foot,Drive,Stock Ball,Round,Orthodox,Left,0.0,9.636,3.589,0.414,0.217,0.591,-1.751,0.729,60.9,2.74,0.338,-1.0
2025-3-24 19:30:00,Mumbai Indians,Chennai Super Kings,Suryakumar Yadav,Tilak Varma,Noor Ahmad,1,7.1,8,1,1,1,60,13.0,0,0,0,1,1,0,0,42,0,78,,8.57,1,0,2,16,20,,,0,90,48,Wicketkeeper,Length Delivery,Outside Off,Left,0,Front Foot,Leave,LeftArmLegspin,Over,Unorthodox,Left,0.0,8.685,7.301,-0.565,0.284,0.5,1.365,0.814,57.519,-2.092,-0.198,-1.0
2025-3-24 19:30:00,Mumbai Indians,Chennai Super Kings,Suryakumar Yadav,Tilak Varma,Noor Ahmad,1,7.1,8,2,0,0,60,12.5,0,0,0,1,1,0,0,43,0,77,,8.37,1,0,2,17,20,,,0,159,82,Backward Point,Length Delivery,Middle stump,MisTimed,1,Back Foot,Cut,LeftArmLegspin,Over,Unorthodox,Left,0.0,13.215,6.626,0.006,0.366,0.696,2.631,0.76,56.704,-1.606,-0.16,-1.0
2025-3-24 19:30:00,Mumbai Indians,Chennai Super Kings,Suryakumar Yadav,Tilak Varma,Noor Ahmad,1,7.2,8,3,0,0,60,12.4,0,0,0,1,1,0,0,44,0,76,,8.18,1,0,2,18,20,,,0,164,75,Backward Point,Length Delivery,Middle stump,Good,0,Back Foot,Cut,LeftArmLegspin,Over,Unorthodox,Left,0.0,11.952,6.976,0.022,0.302,0.693,3.79,0.727,58.753,-1.564,-0.139,-1.0
2025-3-24 19:30:00,Mumbai Indians,Chennai Super Kings,Suryakumar Yadav,Tilak Varma,Noor Ahmad,1,7.3,8,4,1,0,61,12.3,0,0,0,1,1,0,0,45,0,75,,8.13,1,1,2,19,21,,,0,8,154,Deep Square Leg,Half Volley,Outside Off,Top Edge,1,Front Foot,Sweep,Googly,Over,Unorthodox,Left,0.0,9.675,4.064,-0.404,0.129,0.602,0.238,0.633,56.949,-2.202,-0.263,-1.0
2025-3-24 19:30:00,Mumbai Indians,Chennai Super Kings,Tilak Varma,Suryakumar Yadav,Noor Ahmad,1,7.4,8,5,1,0,62,12.2,0,0,0,1,1,0,0,46,0,74,,8.08,1,1,2,10,15,,,0,176,134,Deep Square Leg,Length Delivery,Off stump,Good,0,Back Foot,Worked,LeftArmLegspin,Over,Unorthodox,Left,0.0,9.542,6.392,0.1,0.341,0.553,2.211,0.698,59.796,-2.094,-0.211,-1.0
2025-3-24 19:30:00,Mumbai Indians,Chennai Super Kings,Suryakumar Yadav,Tilak Varma,Noor Ahmad,1,7.5,8,6,2,0,64,12.1,0,0,0,1,1,0,0,47,0,73,,8.17,1,2,2,20,23,,,0,323,173,Deep Mid Wicket,Half Volley,Outside Leg,Middled,0,Front Foot,Flick,Googly,Over,Unorthodox,Left,0.0,9.133,2.876,0.231,0.122,0.557,1.156,0.674,57.092,-2.136,-0.264,-1.0
2025-3-24 19:30:00,Mumbai Indians,Chennai Super Kings,Suryakumar Yadav,Tilak Varma,Noor Ahmad,1,7.6,8,7,2,0,66,12.0,0,0,0,1,1,0,0,48,0,72,,8.25,1,2,2,21,25,,,0,167,150,Deep Backward Point,Half Volley,Outside Off,Good,0,Front Foot,Cut,Googly,Over,Unorthodox,Left,0.0,9.356,3.053,-0.338,0.154,0.598,0.914,0.671,60.239,-1.719,-0.227,-1.0
2025-3-24 19:30:00,Mumbai Indians,Chennai Super Kings,Tilak Varma,Suryakumar Yadav,Ravindra Jadeja,1,8.1,9,1,6,0,72,11.5,0,0,0,1,1,0,0,49,0,71,,8.81,2,6,2,11,21,,,0,202,187,Deep Mid Wicket,Length Delivery,Off stump,Middled,0,Front Foot,Slog Sweep,QuickerBall,Round,Orthodox,Left,0.0,10.335,4.731,0.119,0.241,0.627,-2.25,0.613,62.066,2.447,0.276,76.0
2025-3-24 19:30:00,Mumbai Indians,Chennai Super Kings,Tilak Varma,Suryakumar Yadav,Ravindra Jadeja,1,8.2,9,2,0,0,72,11.4,0,0,0,1,1,0,0,50,0,70,,8.64,2,0,2,12,21,,,0,330,91,Extra Cover,Length Delivery,Outside Leg,Good,0,Backs Away,Drive,QuickerBall,Round,Orthodox,Left,0.0,9.248,3.455,-0.17,0.223,0.579,-1.12,0.608,63.922,0.474,0.059,-1.0
2025-3-24 19:30:00,Mumbai Indians,Chennai Super Kings,Tilak Varma,Suryakumar Yadav,Ravindra Jadeja,1,8.3,9,3,0,0,72,11.3,0,0,0,1,1,0,0,51,0,69,,8.47,2,0,2,13,21,,,0,346,92,Cover,Length Delivery,Outside Off,Good,0,Front Foot,Drive,QuickerBall,Round,Orthodox,Left,0.0,9.43,5.054,0.217,0.234,0.592,-1.766,0.636,63.423,2.047,0.234,-1.0
2025-3-24 19:30:00,Mumbai Indians,Chennai Super Kings,Tilak Varma,Suryakumar Yadav,Ravindra Jadeja,1,8.4,9,4,2,0,74,11.2,0,0,0,1,1,0,0,52,0,68,,8.53,2,2,2,14,23,,,0,181,158,Deep Square Leg,Length Delivery,Outside Leg,MisTimed,1,Back Foot,Pull,QuickerBall,Round,Orthodox,Left,0.0,10.712,6.96,-0.364,0.389,0.62,-3.776,0.623,63.4,0.688,0.066,-1.0
2025-3-24 19:30:00,Mumbai Indians,Chennai Super Kings,Tilak Varma,Suryakumar Yadav,Ravindra Jadeja,1,8.5,9,5,1,0,75,11.1,0,0,0,1,1,0,0,53,0,67,,8.49,2,1,2,15,24,,,0,161,137,Deep Backward Square Leg,Length Delivery,Outside Leg,Good,0,Back Foot,Worked,QuickerBall,Round,Orthodox,Left,0.0,9.961,7.043,-0.098,0.208,0.601,-2.397,0.651,62.885,0.697,0.067,-1.0
2025-3-24 19:30:00,Mumbai Indians,Chennai Super Kings,Suryakumar Yadav,Tilak Varma,Ravindra Jadeja,1,8.6,9,6,1,0,76,11.0,0,0,0,1,1,0,0,54,0,66,,8.44,1,1,2,22,26,,,0,252,146,Long Off,Length Delivery,Outside Off,MisTimed,1,Front Foot,Drive,Stock Ball,Round,Orthodox,Left,0.0,12.27,7.329,-0.238,0.361,0.649,-3.729,0.685,59.859,1.543,0.143,-1.0
2025-3-24 19:30:00,Mumbai Indians,Chennai Super Kings,Suryakumar Yadav,Tilak Varma,Ravichandran Ashwin,1,9.1,10,1,1,0,77,10.5,0,0,0,1,1,0,0,55,0,65,,8.4,1,1,2,23,27,,,0,290,154,Long On,Length Delivery,Off stump,Good,0,Front Foot,Worked,CarromBall,Over,OffSpin,Right,0.0,11.248,5.551,-0.052,0.198,0.625,-1.809,0.702,55.252,-0.012,-0.001,-1.0
2025-3-24 19:30:00,Mumbai Indians,Chennai Super Kings,Tilak Varma,Suryakumar Yadav,Ravichandran Ashwin,1,9.2,10,2,1,0,78,10.4,0,0,0,1,1,0,0,56,0,64,,8.35,2,1,2,16,25,,,0,258,144,Long On,Length Delivery,Outside Off,Good,0,Back Foot,Worked,Off Break,Round,OffSpin,Right,0.0,10.695,6.039,0.251,0.292,0.608,2.721,0.72,56.543,-1.37,-0.143,-1.0
2025-3-24 19:30:00,Mumbai Indians,Chennai Super Kings,Suryakumar Yadav,Tilak Varma,Ravichandran Ashwin,1,9.3,10,3,1,0,79,10.3,0,0,0,1,1,0,0,57,0,63,,8.31,1,1,2,24,28,,,0,359,150,Deep Square Leg,Length Delivery,Outside Off,MisTimed,1,Front Foot,Sweep,CarromBall,Over,OffSpin,Right,0.0,11.366,5.095,-0.172,0.228,0.666,-0.933,0.619,53.399,0.136,0.015,-1.0
2025-3-24 19:30:00,Mumbai Indians,Chennai Super Kings,Tilak Varma,Suryakumar Yadav,Ravichandran Ashwin,1,9.4,10,4,1,0,80,10.2,0,0,0,1,1,0,0,58,0,62,,8.27,2,1,2,17,26,,,0,211,159,Deep Mid Wicket,Length Delivery,Outside Off,Good,0,Backs Away,Worked,Off Break,Round,OffSpin,Right,0.0,9.45,6.856,0.256,0.23,0.571,1.691,0.701,58.999,-1.041,-0.101,-1.0
2025-3-24 19:30:00,Mumbai Indians,Chennai Super Kings,Suryakumar Yadav,Tilak Varma,Ravichandran Ashwin,1,9.5,10,5,1,0,81,10.1,0,0,0,1,1,0,0,59,0,61,,8.23,1,1,2,25,29,,,0,293,141,Long On,Half Volley,Outside Leg,MisTimed,1,Front Foot,Drive,CarromBall,Over,OffSpin,Right,0.0,9.829,2.631,0.263,0.254,0.534,-2.217,0.714,54.161,0.409,0.055,-1.0
2025-3-24 19:30:00,Mumbai Indians,Chennai Super Kings,Tilak Varma,Suryakumar Yadav,Ravichandran Ashwin,1,9.6,10,6,1,0,82,10.0,0,0,0,1,1,0,0,60,0,60,,8.2,2,1,2,18,27,,,0,292,150,Long Off,Length Delivery,Outside Off,Good,0,Back Foot,Drive,Off Break,Round,OffSpin,Right,0.0,9.447,6.113,0.209,0.265,0.565,1.849,0.689,58.483,-2.006,-0.207,-1.0
2025-3-24 19:30:00,Mumbai Indians,Chennai Super Kings,Tilak Varma,Suryakumar Yadav,Noor Ahmad,1,10.1,11,1,4,0,86,9.5,0,0,0,1,1,0,0,61,4,59,,8.45,2,0,2,19,27,,,0,69,180,Third Man,Length Delivery,Outside Off,Missed,1,Front Foot,Drive,LeftArmLegspin,Over,Unorthodox,Left,0.0,10.555,4.109,0.635,0.515,0.564,4.809,0.781,59.993,-1.539,-0.173,-1.0
2025-3-24 19:30:00,Mumbai Indians,Chennai Super Kings,Tilak Varma,Suryakumar Yadav,Noor Ahmad,1,10.2,11,2,1,0,87,9.4,0,0,0,1,1,0,0,62,0,58,,8.41,2,1,2,20,28,,,0,224,159,Long On,Length Delivery,Outside Off,Good,0,Back Foot,Worked,LeftArmLegspin,Over,Unorthodox,Left,0.0,9.758,5.814,0.255,0.38,0.528,1.75,0.743,57.293,-1.65,-0.174,-1.0
2025-3-24 19:30:00,Mumbai Indians,Chennai Super Kings,Suryakumar Yadav,Tilak Varma,Noor Ahmad,1,10.3,11,3,0,0,87,9.3,0,0,4,1,1,0,0,63,0,57,,8.28,1,0,2,26,29,stumped,MS Dhoni,41,90,48,Wicketkeeper,Length Delivery,Leg stump,Missed,1,Front Foot,Drive,Googly,Over,Unorthodox,Left,0.0,10.002,4.196,0.04,0.259,0.575,-0.96,0.797,56.916,-0.996,-0.067,-1.0
2025-3-24 19:30:00,Mumbai Indians,Chennai Super Kings,Robin Minz,Tilak Varma,Noor Ahmad,1,10.4,11,4,0,0,87,9.2,0,0,0,1,1,0,0,64,0,56,,8.15,0,0,0,1,0,,,0,339,13,Silly Point,Length Delivery,Off stump,Missed,1,Back Foot,Worked,Googly,Over,Unorthodox,Left,0.0,10.944,5.425,0.078,0.328,0.634,0.516,0.726,58.199,-1.734,-0.182,-1.0
2025-3-24 19:30:00,Mumbai Indians,Chennai Super Kings,Robin Minz,Tilak Varma,Noor Ahmad,1,10.5,11,5,1,0,88,9.1,0,0,0,1,1,0,0,65,0,55,,8.12,0,1,0,2,1,,,0,184,146,Deep Square Leg,Back of Length,Outside Off,Good,0,Back Foot,Flick,Googly,Over,Unorthodox,Left,0.0,9.5,8.318,0.129,0.227,0.546,1.62,0.709,57.629,-1.353,-0.116,-1.0
2025-3-24 19:30:00,Mumbai Indians,Chennai Super Kings,Tilak Varma,Robin Minz,Noor Ahmad,1,10.6,11,6,1,1,89,9.1,0,0,0,1,1,0,0,65,0,55,,8.21,2,0,2,20,28,,,0,90,48,Wicketkeeper,Length Delivery,Off stump,Missed,1,Front Foot,Glance,LeftArmLegspin,Over,Unorthodox,Left,0.0,10.327,5.082,-0.059,0.192,0.633,1.103,0.785,57.581,-2.293,-0.255,-1.0
2025-3-24 19:30:00,Mumbai Indians,Chennai Super Kings,Tilak Varma,Robin Minz,Noor Ahmad,1,10.6,11,7,2,0,91,9.0,0,0,0,1,1,0,0,66,0,54,,8.27,2,2,2,21,30,,,0,359,143,Deep Point,Half Volley,Wide Off,Good,0,Front Foot,Drive,LeftArmLegspin,Over,Unorthodox,Left,0.0,8.388,1.562,0.92,0.338,0.455,2.209,0.711,56.323,-2.169,-0.299,-1.0
2025-3-24 19:30:00,Mumbai Indians,Chennai Super Kings,Robin Minz,Tilak Varma,Ravichandran Ashwin,1,11.1,12,1,0,0,91,8.5,0,0,0,1,1,0,0,67,0,53,,8.14,0,0,0,3,1,,,0,187,16,Short Leg,Length Delivery,Middle stump,Missed,1,Front Foot,Sweep,Off Break,Round,OffSpin,Right,0.0,12.919,5.113,-0.112,0.341,0.656,3.959,0.716,53.884,-3.028,-0.337,-1.0
2025-3-24 19:30:00,Mumbai Indians,Chennai Super Kings,Robin Minz,Tilak Varma,Ravichandran Ashwin,1,11.2,12,2,0,0,91,8.4,0,0,0,1,1,0,0,68,0,52,,8.02,0,0,0,4,1,,,0,324,40,Short Extra Cover,Length Delivery,Outside Off,Good,0,Back Foot,Drive,Off Break,Round,OffSpin,Right,0.0,10.157,6.68,0.421,0.309,0.605,2.612,0.72,58.715,-0.725,-0.072,-1.0
2025-3-24 19:30:00,Mumbai Indians,Chennai Super Kings,Robin Minz,Tilak Varma,Ravichandran Ashwin,1,11.3,12,3,0,0,91,8.3,0,0,0,1,1,0,0,69,0,51,,7.91,0,0,0,5,1,,,0,252,59,Silly Mid On,Length Delivery,Off stump,MisTimed,1,Back Foot,Worked,Off Break,Round,OffSpin,Right,0.0,13.886,5.921,0.082,0.378,0.674,4.629,0.779,54.361,-2.649,-0.278,-1.0
2025-3-24 19:30:00,Mumbai Indians,Chennai Super Kings,Robin Minz,Tilak Varma,Ravichandran Ashwin,1,11.4,12,4,1,0,92,8.2,0,0,0,1,1,0,0,70,0,50,,7.88,0,1,0,6,2,,,0,244,153,Long On,Length Delivery,Off stump,Good,0,Back Foot,Worked,Off Break,Round,OffSpin,Right,0.0,12.396,5.21,0.013,0.328,0.703,3.264,0.717,57.273,-2.117,-0.242,-1.0
2025-3-24 19:30:00,Mumbai Indians,Chennai Super Kings,Tilak Varma,Robin Minz,Ravichandran Ashwin,1,11.5,12,5,0,0,92,8.1,0,0,0,1,1,0,0,71,0,49,,7.77,2,0,2,22,30,,,0,329,90,Extra Cover,Length Delivery,Outside Off,Good,0,Backs Away,Drive,Off Break,Round,OffSpin,Right,0.0,9.208,6.337,0.241,0.22,0.573,1.624,0.704,59.467,-1.491,-0.151,-1.0
2025-3-24 19:30:00,Mumbai Indians,Chennai Super Kings,Tilak Varma,Robin Minz,Ravichandran Ashwin,1,11.6,12,6,0,0,92,8.0,0,0,0,1,1,0,0,72,0,48,,7.66,2,0,2,23,30,,,0,111,95,Short Fine Leg,Length Delivery,Off stump,Missed,1,Front Foot,Sweep,Off Break,Round,OffSpin,Right,0.0,8.456,5.248,0.007,0.377,0.456,1.315,0.644,60.772,-1.967,-0.2,-1.0
2025-3-24 19:30:00,Mumbai Indians,Chennai Super Kings,Robin Minz,Tilak Varma,Noor Ahmad,1,12.1,13,1,1,1,93,8.0,0,0,0,1,1,0,0,72,0,48,,7.75,0,0,0,6,2,,,0,90,48,Wicketkeeper,Length Delivery,Off stump,Missed,1,Front Foot,Sweep,LeftArmLegspin,Over,Unorthodox,Left,0.0,9.866,4.985,-0.209,0.256,0.602,1.455,0.764,59.656,-2.715,-0.305,-1.0
2025-3-24 19:30:00,Mumbai Indians,Chennai Super Kings,Robin Minz,Tilak Varma,Noor Ahmad,1,12.1,13,2,1,0,94,7.5,0,0,0,1,1,0,0,73,0,47,,7.72,0,1,0,7,3,,,0,247,145,Long On,Length Delivery,Wide Off,MisTimed,1,Front Foot,Drive,LeftArmLegspin,Over,Unorthodox,Left,0.0,10.552,3.464,0.556,0.274,0.599,3.178,0.676,57.355,-2.257,-0.288,-1.0
2025-3-24 19:30:00,Mumbai Indians,Chennai Super Kings,Tilak Varma,Robin Minz,Noor Ahmad,1,12.2,13,3,1,0,95,7.4,0,0,0,1,1,0,0,74,0,46,,7.7,2,1,2,24,31,,,0,323,150,Deep Extra Cover,Length Delivery,Wide Off,Middled,0,Front Foot,Drive,LeftArmLegspin,Over,Unorthodox,Left,0.0,11.267,3.626,0.584,0.305,0.639,-0.261,0.664,58.121,-1.673,-0.204,-1.0
2025-3-24 19:30:00,Mumbai Indians,Chennai Super Kings,Robin Minz,Tilak Varma,Noor Ahmad,1,12.3,13,4,0,0,95,7.3,0,0,0,1,1,0,0,75,0,45,,7.6,0,0,0,8,3,,,0,15,18,Silly Point,Length Delivery,Outside Off,Missed,1,Front Foot,Sweep,Googly,Over,Unorthodox,Left,0.0,10.295,4.816,0.139,0.209,0.61,0.469,0.661,57.313,-1.635,-0.185,-1.0
2025-3-24 19:30:00,Mumbai Indians,Chennai Super Kings,Robin Minz,Tilak Varma,Noor Ahmad,1,12.4,13,5,0,0,95,7.2,0,0,5,1,1,0,0,76,0,44,,7.5,0,0,0,9,3,caught,Ravindra Jadeja,8,293,140,Long Off,Length Delivery,Wide Off,MisTimed,1,Front Foot,Drive,Googly,Over,Unorthodox,Left,2.0,12.447,3.777,0.527,0.376,0.669,-1.281,0.669,57.298,-1.643,-0.199,-1.0
2025-3-24 19:30:00,Mumbai Indians,Chennai Super Kings,Naman Dhir,Tilak Varma,Noor Ahmad,1,12.5,13,6,1,0,96,7.1,0,0,0,1,1,0,0,77,0,43,,7.48,0,1,0,1,1,,,0,14,97,Backward Square Leg,Length Delivery,Outside Leg,Good,0,Front Foot,Worked,Googly,Over,Unorthodox,Left,0.0,6.288,4.543,0.245,0.247,0.381,-0.359,0.691,58.473,-1.368,-0.158,-1.0
2025-3-24 19:30:00,Mumbai Indians,Chennai Super Kings,Tilak Varma,Naman Dhir,Noor Ahmad,1,12.6,13,7,0,0,96,7.0,0,0,6,1,1,0,0,78,0,42,,7.38,2,0,2,25,31,leg before wicket,,41,0,0,,Length Delivery,Outside Off,Missed,1,Back Foot,Worked,Googly,Over,Unorthodox,Left,0.0,9.3,4.688,0.304,0.292,0.53,-0.919,0.722,57.14,-1.497,-0.167,-1.0
2025-3-24 19:30:00,Mumbai Indians,Chennai Super Kings,Naman Dhir,Mitchell Santner,Ravindra Jadeja,1,13.1,14,1,1,0,97,6.5,0,0,0,1,1,0,0,79,0,41,,7.36,0,1,0,2,2,,,0,180,146,Deep Point,Length Delivery,Outside Off,Good,0,Back Foot,Cut,Stock Ball,Round,Orthodox,Left,0.0,11.987,5.862,-0.359,0.338,0.619,-3.416,0.742,57.877,1.101,0.115,-1.0
2025-3-24 19:30:00,Mumbai Indians,Chennai Super Kings,Mitchell Santner,Naman Dhir,Ravindra Jadeja,1,13.2,14,2,0,0,97,6.4,0,0,0,1,1,0,0,80,0,40,,7.27,0,0,0,1,0,,,0,270,40,Bowler,Length Delivery,Middle stump,Good,0,Front Foot,Forward Defensive,Stock Ball,Round,Orthodox,Left,0.0,12.717,5.255,0.005,0.348,0.675,-3.126,0.668,55.408,1.422,0.156,-1.0
2025-3-24 19:30:00,Mumbai Indians,Chennai Super Kings,Mitchell Santner,Naman Dhir,Ravindra Jadeja,1,13.3,14,3,0,0,97,6.3,0,0,0,1,1,0,0,81,0,39,,7.18,0,0,0,2,0,,,0,270,40,Bowler,Length Delivery,Middle stump,Good,0,Front Foot,Forward Defensive,Stock Ball,Round,Orthodox,Left,0.0,11.799,4.855,0.02,0.343,0.663,-2.491,0.647,61.669,1.35,0.153,-1.0
2025-3-24 19:30:00,Mumbai Indians,Chennai Super Kings,Mitchell Santner,Naman Dhir,Ravindra Jadeja,1,13.4,14,4,1,0,98,6.2,0,0,0,1,1,0,0,82,0,38,,7.17,0,1,0,3,1,,,0,180,142,Deep Square Leg,Length Delivery,Outside Leg,Good,0,Back Foot,Worked,Stock Ball,Round,Orthodox,Left,0.0,10.463,6.004,-0.226,0.308,0.603,-3.042,0.678,61.255,0.702,0.102,-1.0
2025-3-24 19:30:00,Mumbai Indians,Chennai Super Kings,Naman Dhir,Mitchell Santner,Ravindra Jadeja,1,13.5,14,5,1,0,99,6.1,0,0,0,1,1,0,0,83,0,37,,7.15,0,1,0,3,3,,,0,295,140,Long On,Length Delivery,Outside Off,Good,0,Back Foot,Pull,Stock Ball,Round,Orthodox,Left,0.0,10.071,6.516,-0.256,0.203,0.619,-1.984,0.665,62.455,1.082,0.108,-1.0
2025-3-24 19:30:00,Mumbai Indians,Chennai Super Kings,Mitchell Santner,Naman Dhir,Ravindra Jadeja,1,13.6,14,6,1,0,100,6.0,0,0,0,1,1,0,0,84,0,36,,7.14,0,1,0,4,2,,,0,208,140,Deep Mid Wicket,Length Delivery,Middle stump,Good,0,Back Foot,Worked,Stock Ball,Round,Orthodox,Left,0.0,10.979,5.591,-0.042,0.339,0.647,-3.318,0.651,63.729,0.193,0.021,-1.0
2025-3-24 19:30:00,Mumbai Indians,Chennai Super Kings,Mitchell Santner,Naman Dhir,Ravichandran Ashwin,1,14.1,15,1,1,0,101,5.5,0,0,0,1,1,0,0,85,0,35,,7.12,0,1,0,5,3,,,0,303,156,Long Off,Length Delivery,Outside Off,Good,0,Back Foot,Pushed,Off Break,Round,OffSpin,Right,0.0,10.001,7.223,0.401,0.239,0.587,1.31,0.715,58.369,-1.025,-0.095,-1.0
2025-3-24 19:30:00,Mumbai Indians,Chennai Super Kings,Naman Dhir,Mitchell Santner,Ravichandran Ashwin,1,14.2,15,2,2,0,103,5.4,0,0,0,1,1,0,0,86,0,34,,7.18,0,2,0,4,5,,,0,334,112,Mid Wicket,Length Delivery,Outside Off,Good,0,Back Foot,Worked,CarromBall,Over,OffSpin,Right,0.0,7.877,4.803,-0.382,0.254,0.489,1.034,0.7,59.395,-1.764,-0.199,-1.0
2025-3-24 19:30:00,Mumbai Indians,Chennai Super Kings,Naman Dhir,Mitchell Santner,Ravichandran Ashwin,1,14.3,15,3,1,0,104,5.3,0,0,0,1,1,0,0,87,0,33,,7.17,0,1,0,5,6,,,0,336,144,Deep Mid Wicket,Length Delivery,Off stump,Good,0,Back Foot,Worked,CarromBall,Over,OffSpin,Right,0.0,10.739,7.154,-0.132,0.23,0.61,-1.76,0.735,56.267,0.845,0.08,-1.0
2025-3-24 19:30:00,Mumbai Indians,Chennai Super Kings,Mitchell Santner,Naman Dhir,Ravichandran Ashwin,1,14.4,15,4,1,0,105,5.2,0,0,0,1,1,0,0,88,0,32,,7.15,0,1,0,6,4,,,0,352,143,Deep Point,Length Delivery,Outside Off,Good,0,Front Foot,Drive,Off Break,Round,OffSpin,Right,0.0,10.096,6.195,0.309,0.309,0.541,2.718,0.741,51.157,-1.286,-0.132,-1.0
2025-3-24 19:30:00,Mumbai Indians,Chennai Super Kings,Naman Dhir,Mitchell Santner,Ravichandran Ashwin,1,14.5,15,5,4,0,109,5.1,0,0,0,1,1,0,0,89,0,31,,7.34,0,4,1,6,10,,,0,217,190,Deep Extra Cover,Length Delivery,Outside Off,Middled,0,Front Foot,Drive,CarromBall,Over,OffSpin,Right,0.0,10.915,5.974,-0.301,0.314,0.592,-1.288,0.72,56.578,0.501,0.052,-1.0
2025-3-24 19:30:00,Mumbai Indians,Chennai Super Kings,Naman Dhir,Mitchell Santner,Ravichandran Ashwin,1,14.6,15,6,1,0,110,5.0,0,0,0,1,1,0,0,90,0,30,,7.33,0,1,1,7,11,,,0,201,62,Short Extra Cover,Length Delivery,Outside Off,MisTimed,1,Back Foot,Backward Defensive,CarromBall,Over,OffSpin,Right,0.0,11.483,5.81,-0.14,0.257,0.652,-2.347,0.725,56.901,0.862,0.091,-1.0
2025-3-24 19:30:00,Mumbai Indians,Chennai Super Kings,Naman Dhir,Mitchell Santner,Nathan Ellis,1,15.1,16,1,2,0,112,4.5,0,0,0,1,1,0,0,91,0,29,,7.38,0,2,1,8,13,,,0,139,112,Third Man,Back of Length,Outside Off,Good,0,Back Foot,Steer,Straight Ball,Over,Medium,Right,0.0,9.459,10.884,-0.53,0.223,0.577,0.884,0.531,84.133,0.302,0.023,-1.0
2025-3-24 19:30:00,Mumbai Indians,Chennai Super Kings,Naman Dhir,Mitchell Santner,Nathan Ellis,1,15.2,16,2,2,0,114,4.4,0,0,0,1,1,0,0,92,0,28,,7.43,0,2,1,9,15,,,0,355,153,Deep Square Leg,Back of Length,Outside Off,Good,0,Back Foot,Pull,Straight Ball,Over,Medium,Right,0.0,9.941,10.221,-0.413,0.232,0.648,0.392,0.507,80.296,-0.107,-0.002,-1.0
2025-3-24 19:30:00,Mumbai Indians,Chennai Super Kings,Naman Dhir,Mitchell Santner,Nathan Ellis,1,15.3,16,3,1,0,115,4.3,0,0,0,1,1,0,0,93,0,27,,7.41,0,1,1,10,16,,,0,333,94,Mid Wicket,Length Delivery,Outside Off,Good,0,Front Foot,Worked,Slower Ball,Over,Medium,Right,0.0,11.24,7.212,-0.167,0.335,0.687,-2.069,0.611,68.615,0.895,0.081,-1.0
2025-3-24 19:30:00,Mumbai Indians,Chennai Super Kings,Mitchell Santner,Naman Dhir,Nathan Ellis,1,15.4,16,4,0,0,115,4.2,0,0,0,1,1,0,0,94,0,26,,7.34,0,0,0,7,4,,,0,326,91,Extra Cover,Length Delivery,Leg stump,Good,0,Front Foot,Pushed,Straight Ball,Over,Medium,Right,0.0,11.242,7.212,-0.167,0.335,0.686,-2.055,0.611,68.634,0.112,0.081,-1.0
2025-3-24 19:30:00,Mumbai Indians,Chennai Super Kings,Mitchell Santner,Naman Dhir,Nathan Ellis,1,15.5,16,5,1,1,116,4.2,0,0,0,1,1,0,0,94,0,26,,7.4,0,0,0,7,4,,,0,90,48,Wicketkeeper,Short Length,Outside Off,Left,0,Back Foot,Leave,Off Cutter,Over,Medium,Right,0.0,13.971,14.504,-0.132,-0.207,0.492,0.774,0.75,58.366,-0.524,-0.018,-1.0
2025-3-24 19:30:00,Mumbai Indians,Chennai Super Kings,Mitchell Santner,Naman Dhir,Nathan Ellis,1,15.5,16,6,1,0,117,4.1,0,0,0,1,1,0,0,95,0,25,,7.38,0,1,0,8,5,,,0,320,43,Short Extra Cover,Length Delivery,Leg stump,Good,0,Front Foot,Pushed,Straight Ball,Over,Medium,Right,0.0,5.433,5.921,-0.106,0.113,0.518,0.184,0.466,84.19,0.349,0.036,-1.0
2025-3-24 19:30:00,Mumbai Indians,Chennai Super Kings,Naman Dhir,Mitchell Santner,Nathan Ellis,1,15.6,16,7,1,0,118,4.0,0,0,0,1,1,0,0,96,0,24,,7.37,0,1,1,11,17,,,0,60,87,Short Fine Leg,Length Delivery,Middle stump,Good,0,Front Foot,Glance,Slower Ball,Over,Medium,Right,0.0,10.039,6.704,-0.025,0.277,0.633,-0.2,0.607,67.978,0.325,0.032,-1.0
2025-3-24 19:30:00,Mumbai Indians,Chennai Super Kings,Naman Dhir,Mitchell Santner,Noor Ahmad,1,16.1,17,1,0,0,118,3.5,0,0,7,1,1,0,0,97,0,23,,7.29,0,0,1,12,17,bowled,,18,0,0,,Half Volley,Outside Leg,Missed,1,Front Foot,Sweep,Googly,Over,Unorthodox,Left,0.0,10.373,2.828,0.182,0.38,0.532,1.916,0.835,53.968,-1.919,-0.247,-1.0
2025-3-24 19:30:00,Mumbai Indians,Chennai Super Kings,Deepak Chahar,Mitchell Santner,Noor Ahmad,1,16.2,17,2,0,0,118,3.4,0,0,0,1,1,0,0,98,0,22,,7.22,0,0,0,1,0,,,0,202,73,Cover,Half Volley,Outside Off,Good,0,Front Foot,Drive,Googly,Over,Unorthodox,Left,0.0,10.096,2.127,-0.459,0.228,0.57,2.289,0.713,56.252,-3.116,-0.42,-1.0
2025-3-24 19:30:00,Mumbai Indians,Chennai Super Kings,Deepak Chahar,Mitchell Santner,Noor Ahmad,1,16.3,17,3,1,0,119,3.3,0,0,0,1,1,0,0,99,0,21,,7.21,0,1,0,2,1,,,0,181,85,Point,Length Delivery,Off stump,Good,0,Front Foot,Pushed,Googly,Over,Unorthodox,Left,0.0,8.27,4.261,-0.092,0.31,0.482,-0.036,0.675,57.506,-1.568,-0.19,-1.0
2025-3-24 19:30:00,Mumbai Indians,Chennai Super Kings,Mitchell Santner,Deepak Chahar,Noor Ahmad,1,16.4,17,4,1,0,120,3.2,0,0,0,1,1,0,0,100,0,20,,7.2,0,1,0,9,6,,,0,343,87,Cover,Length Delivery,Wide Off,Good,0,Back Foot,Pushed,Googly,Over,Unorthodox,Left,0.0,10.675,7.073,0.55,0.408,0.591,0.01,0.728,55.822,-0.218,-0.19,-1.0
2025-3-24 19:30:00,Mumbai Indians,Chennai Super Kings,Deepak Chahar,Mitchell Santner,Noor Ahmad,1,16.5,17,5,0,0,120,3.1,0,0,0,1,1,0,0,101,0,19,,7.12,0,0,0,3,1,,,0,90,48,Wicketkeeper,Length Delivery,Off stump,Missed,1,Front Foot,Forward Defensive,Googly,Over,Unorthodox,Left,0.0,12.183,6.158,0.539,0.542,0.632,-1.85,0.754,55.668,-0.365,-0.037,-1.0
2025-3-24 19:30:00,Mumbai Indians,Chennai Super Kings,Deepak Chahar,Mitchell Santner,Noor Ahmad,1,16.6,17,6,0,0,120,3.0,0,0,0,1,1,0,0,102,0,18,,7.05,0,0,0,4,1,,,0,270,40,Bowler,Length Delivery,Leg stump,Good,0,Front Foot,Forward Defensive,Googly,Over,Unorthodox,Left,0.0,11.195,4.372,0.049,0.207,0.664,1.619,0.676,56.264,-1.996,-0.233,-1.0
2025-3-24 19:30:00,Mumbai Indians,Chennai Super Kings,Mitchell Santner,Deepak Chahar,Nathan Ellis,1,17.1,18,1,4,0,124,2.5,0,0,0,1,1,0,0,103,0,17,,7.22,0,4,1,10,10,,,0,278,188,Long Off,Length Delivery,Middle stump,Middled,0,Front Foot,Drive,Straight Ball,Over,Medium,Right,0.0,7.403,4.963,-0.063,0.151,0.601,1.166,0.513,76.608,-1.154,-0.128,-1.0
2025-3-24 19:30:00,Mumbai Indians,Chennai Super Kings,Mitchell Santner,Deepak Chahar,Nathan Ellis,1,17.2,18,2,0,0,124,2.4,0,0,0,1,1,0,0,104,0,16,,7.15,0,0,1,11,10,,,0,270,40,Bowler,Length Delivery,Outside Leg,Good,0,Front Foot,Worked,Off Cutter,Over,Medium,Right,0.0,7.811,7.534,-0.18,0.044,0.613,1.129,0.504,77.725,-0.451,-0.04,-1.0
2025-3-24 19:30:00,Mumbai Indians,Chennai Super Kings,Mitchell Santner,Deepak Chahar,Nathan Ellis,1,17.3,18,3,1,0,125,2.3,0,0,0,1,1,0,0,105,0,15,,7.14,0,1,1,12,11,,,0,326,91,Extra Cover,Back of Length,Leg stump,Good,0,Front Foot,Drive,Straight Ball,Over,Medium,Right,0.0,7.382,8.518,-0.073,0.075,0.609,-0.648,0.503,80.778,0.285,0.024,-1.0
2025-3-24 19:30:00,Mumbai Indians,Chennai Super Kings,Deepak Chahar,Mitchell Santner,Nathan Ellis,1,17.4,18,4,2,0,127,2.2,0,0,0,1,1,0,0,106,0,14,,7.18,0,2,0,5,3,,,0,336,136,Deep Mid Wicket,Length Delivery,Outside Off,Good,0,Front Foot,Worked,Slower Ball,Over,Medium,Right,0.0,9.128,6.959,-0.18,0.196,0.599,-0.624,0.596,68.148,0.712,0.068,-1.0
2025-3-24 19:30:00,Mumbai Indians,Chennai Super Kings,Deepak Chahar,Mitchell Santner,Nathan Ellis,1,17.5,18,5,1,0,128,2.1,0,0,0,1,1,1,0,107,0,13,,7.17,0,0,0,6,3,,,0,46,90,Short Fine Leg,Short Length,Outside Off,Missed,1,Back Foot,Pull,Off Cutter,Over,Medium,Right,0.0,9.891,12.943,-0.33,-0.026,0.458,0.185,0.651,70.235,0.671,0.021,-1.0
2025-3-24 19:30:00,Mumbai Indians,Chennai Super Kings,Mitchell Santner,Deepak Chahar,Nathan Ellis,1,17.6,18,6,0,0,128,2.0,0,0,8,1,1,0,0,108,0,12,,7.11,0,0,1,13,11,leg before wicket,,24,0,0,,Back of Length,Middle stump,Missed,1,Back Foot,Worked,SeamIn,Over,Medium,Right,0.0,6.18,9.236,-0.085,-0.03,0.499,-1.105,0.509,83.126,-0.058,-0.058,-1.0
2025-3-24 19:30:00,Mumbai Indians,Chennai Super Kings,Deepak Chahar,Trent Boult,Khaleel Ahmed,1,18.1,19,1,4,0,132,1.5,0,0,0,1,1,0,0,109,0,11,,7.26,0,4,1,7,7,,,0,217,191,Deep Extra Cover,Length Delivery,Middle stump,Middled,0,Backs Away,Drive,Off Cutter,Over,Fast,Left,0.0,7.814,6.734,-0.059,0.146,0.568,-0.787,0.547,72.59,0.631,0.06,-1.0
2025-3-24 19:30:00,Mumbai Indians,Chennai Super Kings,Deepak Chahar,Trent Boult,Khaleel Ahmed,1,18.2,19,2,6,0,138,1.4,0,0,0,1,1,0,0,110,0,10,,7.52,1,6,1,8,13,,,0,263,203,Long Off,Length Delivery,Outside Off,Middled,0,Front Foot,Drive,Off Cutter,Over,Fast,Left,0.0,7.144,4.825,-0.303,0.196,0.538,-0.868,0.563,73.544,0.683,0.077,78.0
2025-3-24 19:30:00,Mumbai Indians,Chennai Super Kings,Deepak Chahar,Trent Boult,Khaleel Ahmed,1,18.3,19,3,1,0,139,1.3,0,0,0,1,1,0,0,111,0,9,,7.51,1,1,1,9,14,,,0,310,161,Long On,Length Delivery,Outside Off,Good,0,Front Foot,Slog,Straight Ball,Round,Fast,Left,0.0,7.248,6.879,-0.551,0.066,0.633,-0.765,0.49,84.517,0.362,0.037,-1.0
2025-3-24 19:30:00,Mumbai Indians,Chennai Super Kings,Trent Boult,Deepak Chahar,Khaleel Ahmed,1,18.4,19,4,1,0,140,1.2,0,0,0,1,1,0,0,112,0,8,,7.5,0,1,0,1,1,,,0,184,144,Deep Point,Short Length,Leg stump,MisTimed,1,Front Foot,Cut,Straight Ball,Over,Fast,Left,0.0,10.414,11.993,0.204,-0.05,0.584,0.12,0.513,82.495,0.116,0.006,-1.0
2025-3-24 19:30:00,Mumbai Indians,Chennai Super Kings,Deepak Chahar,Trent Boult,Khaleel Ahmed,1,18.5,19,5,1,0,141,1.1,0,0,0,1,1,0,0,113,0,7,,7.48,1,1,1,10,15,,,0,181,145,Deep Point,Back of Length,Wide Off,Good,0,Back Foot,Cut,Off Cutter,Round,Fast,Left,0.0,8.173,11.043,-0.889,-0.098,0.489,-1.02,0.598,73.675,0.344,-0.009,-1.0
2025-3-24 19:30:00,Mumbai Indians,Chennai Super Kings,Trent Boult,Deepak Chahar,Khaleel Ahmed,1,18.6,19,6,0,0,141,1.0,0,0,9,1,1,0,0,114,0,6,,7.42,0,0,0,2,1,caught,Ruturaj Gaikwad,4,258,94,Mid Off,Short Length,Outside Leg,MisTimed,1,Backs Away,Pull,Straight Ball,Over,Fast,Left,1.0,8.699,12.142,0.323,-0.077,0.505,0.289,0.511,80.32,-0.417,-0.022,-1.0
2025-3-24 19:30:00,Mumbai Indians,Chennai Super Kings,Deepak Chahar,Satyanarayana Raju,Nathan Ellis,1,19.1,20,1,2,0,143,0.5,0,0,0,1,1,0,0,115,0,5,,7.46,1,2,1,11,17,,,0,60,124,Fine Leg,Half Volley,Wide Off,Inside Edge,1,Deep Crease,Slog,Slower Ball,Over,Medium,Right,0.0,8.703,2.61,-0.725,0.288,0.58,-0.659,0.607,69.013,1.955,0.258,-1.0
2025-3-24 19:30:00,Mumbai Indians,Chennai Super Kings,Deepak Chahar,Satyanarayana Raju,Nathan Ellis,1,19.2,20,2,6,0,149,0.4,0,0,0,1,1,0,0,116,0,4,,7.7,2,6,1,12,23,,,0,344,197,Deep Mid Wicket,Back of Length,Leg stump,Middled,0,Back Foot,Slog,Slower Ball,Round,Medium,Right,0.0,8.777,9.941,0.237,0.104,0.517,0.81,0.609,68.511,0.41,0.029,77.0
2025-3-24 19:30:00,Mumbai Indians,Chennai Super Kings,Deepak Chahar,Satyanarayana Raju,Nathan Ellis,1,19.3,20,3,1,0,150,0.3,0,0,0,1,1,0,0,117,0,3,,7.69,2,1,1,13,24,,,0,205,94,Cover,Length Delivery,Outside Off,MisTimed,1,Front Foot,Drive,Straight Ball,Over,Medium,Right,0.0,6.756,6.65,-0.324,0.113,0.621,-1.114,0.489,83.511,0.949,0.093,-1.0
2025-3-24 19:30:00,Mumbai Indians,Chennai Super Kings,Satyanarayana Raju,Deepak Chahar,Nathan Ellis,1,19.4,20,4,1,0,151,0.2,0,0,0,1,1,0,0,118,0,2,,7.67,0,1,0,1,1,,,0,357,147,Deep Square Leg,Short Length,Outside Off,MisTimed,1,Back Foot,Pull,Off Cutter,Over,Medium,Right,0.0,9.79,12.879,-0.586,0.004,0.483,1.712,0.59,70.342,0.057,0.003,-1.0
2025-3-24 19:30:00,Mumbai Indians,Chennai Super Kings,Deepak Chahar,Satyanarayana Raju,Nathan Ellis,1,19.5,20,5,0,0,151,0.1,0,0,0,1,1,0,0,119,0,1,,7.61,2,0,1,14,24,,,0,90,48,Wicketkeeper,Length Delivery,Wide Off,Left,0,Front Foot,Leave,Straight Ball,Over,Medium,Right,0.0,6.432,7.418,-0.874,-0.059,0.592,0.235,0.549,82.089,-0.694,-0.064,-1.0
2025-3-24 19:30:00,Mumbai Indians,Chennai Super Kings,Deepak Chahar,Satyanarayana Raju,Nathan Ellis,1,19.6,20,6,4,0,155,0.0,0,0,0,1,1,0,0,120,0,0,,7.75,2,4,2,15,28,,,0,30,162,Fine Leg,Short Length,Outside Off,Middled,0,Back Foot,Pull,Off Cutter,Over,Medium,Right,0.0,12.454,13.697,-0.464,0.059,0.488,2.811,0.609,74.163,0.85,0.034,-1.0
2025-3-24 19:30:00,Chennai Super Kings,Mumbai Indians,Rachin Ravindra,Rahul Tripathi,Trent Boult,2,0.1,1,1,2,0,2,19.5,0,0,0,1,1,0,0,1,0,119,154.0,12.0,0,2,0,1,2,,,0,204,130,Deep Mid Wicket,Length Delivery,Middle stump,Good,0,Front Foot,Worked,Straight Ball,Over,Fast,Left,0.0,9.084,7.493,-0.031,0.09,0.708,1.5,0.484,81.547,-0.672,-0.062,-1.0
2025-3-24 19:30:00,Chennai Super Kings,Mumbai Indians,Rachin Ravindra,Rahul Tripathi,Trent Boult,2,0.2,1,2,0,0,2,19.4,0,0,0,1,1,0,0,2,0,118,154.0,6.0,0,0,0,2,2,,,0,90,48,Wicketkeeper,Length Delivery,Outside Off,Left,0,Front Foot,Shoulder Arms,Out Swing,Over,Fast,Left,0.0,7.888,6.494,0.437,0.232,0.636,1.283,0.546,84.365,1.309,0.138,-1.0
2025-3-24 19:30:00,Chennai Super Kings,Mumbai Indians,Rachin Ravindra,Rahul Tripathi,Trent Boult,2,0.3,1,3,1,0,3,19.3,0,0,0,1,1,0,0,3,0,117,153.0,6.0,0,1,0,3,3,,,0,345,93,Cover,Length Delivery,Outside Off,MisTimed,1,Front Foot,Cut,Out Swing,Over,Fast,Left,0.0,7.324,8.049,0.584,-0.011,0.579,0.048,0.493,83.451,2.421,0.21,-1.0
2025-3-24 19:30:00,Chennai Super Kings,Mumbai Indians,Rahul Tripathi,Rachin Ravindra,Trent Boult,2,0.4,1,4,1,0,4,19.2,0,0,0,1,1,0,0,4,0,116,152.0,6.0,0,1,0,1,1,,,0,263,85,Mid Off,Half Volley,Middle stump,Middled,0,Front Foot,Drive,InSwinger,Over,Fast,Left,0.0,6.401,4.054,-0.071,0.133,0.588,0.111,0.464,86.103,2.851,0.338,-1.0
2025-3-24 19:30:00,Chennai Super Kings,Mumbai Indians,Rachin Ravindra,Rahul Tripathi,Trent Boult,2,0.5,1,5,1,1,5,19.2,0,0,0,1,1,0,0,4,0,116,151.0,7.5,0,0,0,3,3,,,0,90,48,Wicketkeeper,Length Delivery,Leg stump,Missed,1,Front Foot,Worked,Straight Ball,Over,Fast,Left,0.0,4.965,6.669,-0.049,-0.017,0.433,0.306,0.526,85.816,-0.526,-0.052,-1.0
2025-3-24 19:30:00,Chennai Super Kings,Mumbai Indians,Rachin Ravindra,Rahul Tripathi,Trent Boult,2,0.5,1,6,0,0,5,19.1,0,0,0,1,1,0,0,5,0,115,151.0,6.0,0,0,0,4,3,,,0,329,24,Silly Point,Length Delivery,Outside Off,MisTimed,1,Front Foot,Drive,Straight Ball,Over,Fast,Left,0.0,7.705,7.083,0.451,-0.004,0.649,-0.521,0.471,85.989,0.854,0.08,-1.0
2025-3-24 19:30:00,Chennai Super Kings,Mumbai Indians,Rachin Ravindra,Rahul Tripathi,Trent Boult,2,0.6,1,7,0,0,5,19.0,0,0,0,1,1,0,0,6,0,114,151.0,5.0,0,0,0,5,3,,,0,90,48,Wicketkeeper,Length Delivery,Outside Off,Missed,1,Front Foot,Drive,SeamIn,Over,Fast,Left,0.0,5.591,8.113,0.357,-0.149,0.465,-0.614,0.533,83.88,-0.417,-0.053,-1.0
2025-3-24 19:30:00,Chennai Super Kings,Mumbai Indians,Rahul Tripathi,Rachin Ravindra,Deepak Chahar,2,1.1,2,1,1,0,6,18.5,0,0,0,1,1,0,0,7,0,113,150.0,5.14,0,1,0,2,2,,,0,32,140,Fine Leg,Length Delivery,Middle stump,Good,0,Front Foot,Glance,Straight Ball,Over,Fast,Right,0.0,5.7,6.017,0.002,0.028,0.504,-0.181,0.49,79.95,0.475,0.049,-1.0
2025-3-24 19:30:00,Chennai Super Kings,Mumbai Indians,Rachin Ravindra,Rahul Tripathi,Deepak Chahar,2,1.2,2,2,4,0,10,18.4,0,0,0,1,1,0,0,8,0,112,146.0,7.5,0,4,1,6,7,,,0,32,166,Third Man,Back of Length,Outside Off,Top Edge,1,Front Foot,Cut,Straight Ball,Over,Fast,Right,0.0,8.082,10.249,0.257,-0.04,0.535,-1.338,0.505,81.595,0.423,0.032,-1.0
2025-3-24 19:30:00,Chennai Super Kings,Mumbai Indians,Rachin Ravindra,Rahul Tripathi,Deepak Chahar,2,1.3,2,3,1,0,11,18.3,0,0,0,1,1,0,0,9,0,111,145.0,7.33,0,1,1,7,8,,,0,179,89,Square Leg,Back of Length,Outside Leg,Inside Edge,1,Front Foot,Worked,Straight Ball,Over,Fast,Right,0.0,7.529,8.929,-0.216,-0.111,0.634,-0.794,0.508,80.348,1.268,0.054,-1.0
2025-3-24 19:30:00,Chennai Super Kings,Mumbai Indians,Rahul Tripathi,Rachin Ravindra,Deepak Chahar,2,1.4,2,4,0,0,11,18.2,0,0,1,1,1,0,0,10,0,110,145.0,6.6,0,0,0,3,2,caught,Ryan Rickelton,9,90,48,Wicketkeeper,Short Length,Outside Off,Missed,1,Back Foot,Pull,Straight Ball,Over,Fast,Right,2.0,9.746,12.625,-0.263,-0.122,0.492,0.323,0.515,81.206,-0.301,-0.015,-1.0
2025-3-24 19:30:00,Chennai Super Kings,Mumbai Indians,Ruturaj Gaikwad,Rachin Ravindra,Deepak Chahar,2,1.5,2,5,1,0,12,18.1,0,0,0,1,1,0,0,11,0,109,144.0,6.54,0,1,0,1,1,,,0,168,150,Deep Backward Point,Back of Length,Outside Off,Good,0,Back Foot,Cut,Out Swing,Over,Fast,Right,0.0,8.25,8.421,-0.57,-0.005,0.637,0.094,0.531,80.642,-1.802,-0.151,-1.0
2025-3-24 19:30:00,Chennai Super Kings,Mumbai Indians,Rachin Ravindra,Ruturaj Gaikwad,Deepak Chahar,2,1.6,2,6,0,0,12,18.0,0,0,0,1,1,0,0,12,0,108,144.0,6.0,0,0,1,8,8,,,0,327,50,Short Extra Cover,Length Delivery,Outside Leg,Good,0,Front Foot,Dropped,Straight Ball,Over,Fast,Right,0.0,7.814,8.13,-0.22,0.038,0.603,-0.243,0.496,80.535,1.391,0.089,-1.0
2025-3-24 19:30:00,Chennai Super Kings,Mumbai Indians,Ruturaj Gaikwad,Rachin Ravindra,Trent Boult,2,2.1,3,1,4,0,16,17.5,0,0,0,1,1,0,0,13,0,107,140.0,7.38,0,4,1,2,5,,,0,204,185,Deep Cover,Length Delivery,Outside Off,Middled,0,Front Foot,Drive,Straight Ball,Over,Fast,Left,0.0,6.969,5.975,-0.471,0.079,0.589,0.857,0.477,81.904,-0.441,-0.046,-1.0
2025-3-24 19:30:00,Chennai Super Kings,Mumbai Indians,Ruturaj Gaikwad,Rachin Ravindra,Trent Boult,2,2.2,3,2,4,0,20,17.4,0,0,0,1,1,0,0,14,0,106,136.0,8.57,0,4,2,3,9,,,0,201,177,Deep Cover,Length Delivery,Wide Off,Middled,0,Down The Track,Drive,Straight Ball,Round,Fast,Left,0.0,5.867,4.223,-0.682,0.172,0.526,-0.552,0.439,84.6,-0.808,-0.095,-1.0
2025-3-24 19:30:00,Chennai Super Kings,Mumbai Indians,Ruturaj Gaikwad,Rachin Ravindra,Trent Boult,2,2.3,3,3,2,0,22,17.3,0,0,0,1,1,0,0,15,0,105,134.0,8.8,0,2,2,4,11,,,0,18,148,Deep Backward Square Leg,Length Delivery,Outside Leg,Middled,0,Back Foot,Worked,InSwinger,Over,Fast,Left,0.0,8.014,9.064,0.143,-0.037,0.593,0.099,0.489,83.441,1.164,0.091,-1.0
2025-3-24 19:30:00,Chennai Super Kings,Mumbai Indians,Ruturaj Gaikwad,Rachin Ravindra,Trent Boult,2,2.4,3,4,0,0,22,17.2,0,0,0,1,1,0,0,16,0,104,134.0,8.25,0,0,2,5,11,,,0,301,96,Mid On,Length Delivery,Leg stump,Good,0,Front Foot,Worked,Straight Ball,Over,Fast,Left,0.0,5.846,5.86,0.0,0.104,0.514,-0.143,0.456,86.723,0.327,0.034,-1.0
2025-3-24 19:30:00,Chennai Super Kings,Mumbai Indians,Ruturaj Gaikwad,Rachin Ravindra,Trent Boult,2,2.5,3,5,1,0,23,17.1,0,0,0,1,1,0,0,17,0,103,133.0,8.11,0,1,2,6,12,,,0,177,153,Deep Point,Length Delivery,Outside Off,Good,0,Front Foot,Cut,Off Cutter,Over,Fast,Left,0.0,8.759,7.102,-0.387,0.039,0.625,-0.397,0.593,69.606,0.129,0.012,-1.0
2025-3-24 19:30:00,Chennai Super Kings,Mumbai Indians,Rachin Ravindra,Ruturaj Gaikwad,Trent Boult,2,2.6,3,6,1,0,24,17.0,0,0,0,1,1,0,0,18,0,102,132.0,8.0,0,1,1,9,9,,,0,178,137,Deep Square Leg,Length Delivery,Outside Off,Good,0,Front Foot,Worked,Straight Ball,Over,Fast,Left,0.0,8.35,8.293,0.225,-0.014,0.664,-0.035,0.464,85.485,-0.66,-0.056,-1.0
2025-3-24 19:30:00,Chennai Super Kings,Mumbai Indians,Rachin Ravindra,Ruturaj Gaikwad,Deepak Chahar,2,3.1,4,1,0,0,24,16.5,0,0,0,1,1,0,0,19,0,101,132.0,7.57,0,0,1,10,9,,,0,212,57,Short Mid Wicket,Back of Length,Middle stump,Good,0,Front Foot,Worked,Straight Ball,Over,Fast,Right,0.0,8.814,9.515,-0.115,-0.035,0.629,-0.14,0.479,82.591,0.164,0.012,-1.0
2025-3-24 19:30:00,Chennai Super Kings,Mumbai Indians,Rachin Ravindra,Ruturaj Gaikwad,Deepak Chahar,2,3.2,4,2,4,0,28,16.4,0,0,0,1,1,0,0,20,0,100,128.0,8.4,0,4,2,11,13,,,0,138,165,Fine Leg,Length Delivery,Outside Leg,Middled,0,Front Foot,Flick,Slower Ball,Over,Fast,Right,0.0,7.39,5.079,-0.383,0.113,0.604,0.118,0.513,74.094,-1.471,-0.163,-1.0
2025-3-24 19:30:00,Chennai Super Kings,Mumbai Indians,Rachin Ravindra,Ruturaj Gaikwad,Deepak Chahar,2,3.3,4,3,1,0,29,16.3,0,0,0,1,1,0,0,21,0,99,127.0,8.28,0,1,2,12,14,,,0,138,115,Fine Leg,Length Delivery,Outside Leg,Good,0,Front Foot,Worked,Slower Ball,Over,Fast,Right,0.0,8.642,9.052,-0.305,-0.066,0.651,0.478,0.542,71.884,-0.511,-0.081,-1.0
2025-3-24 19:30:00,Chennai Super Kings,Mumbai Indians,Ruturaj Gaikwad,Rachin Ravindra,Deepak Chahar,2,3.4,4,4,6,0,35,16.2,0,0,0,1,1,0,0,22,0,98,121.0,9.54,1,6,2,7,18,,,0,342,179,Deep Mid Wicket,Short Length,Outside Off,Middled,0,Back Foot,Pull,Straight Ball,Over,Fast,Right,0.0,9.866,11.973,-0.421,-0.077,0.558,-0.203,0.496,82.702,0.226,0.006,70.0
2025-3-24 19:30:00,Chennai Super Kings,Mumbai Indians,Ruturaj Gaikwad,Rachin Ravindra,Deepak Chahar,2,3.5,4,5,0,0,35,16.1,0,0,0,1,1,0,0,23,0,97,121.0,9.13,1,0,2,8,18,,,0,248,83,Mid Off,Length Delivery,Outside Off,Good,0,Front Foot,Pushed,Straight Ball,Over,Fast,Right,0.0,6.61,7.103,-0.313,-0.059,0.604,-0.059,0.479,84.019,0.256,0.024,-1.0
2025-3-24 19:30:00,Chennai Super Kings,Mumbai Indians,Ruturaj Gaikwad,Rachin Ravindra,Deepak Chahar,2,3.6,4,6,0,0,35,16.0,0,0,0,1,1,0,0,24,0,96,121.0,8.75,1,0,2,9,18,,,0,90,48,Wicketkeeper,Length Delivery,Outside Off,Missed,1,Back Foot,Backward Defensive,Straight Ball,Over,Fast,Right,0.0,4.69,8.076,-0.353,-0.099,0.393,-0.175,0.535,84.294,0.958,0.017,-1.0
2025-3-24 19:30:00,Chennai Super Kings,Mumbai Indians,Rachin Ravindra,Ruturaj Gaikwad,Satyanarayana Raju,2,4.1,5,1,1,1,36,16.0,0,0,0,1,1,0,0,24,0,96,120.0,9.0,0,0,2,12,14,,,0,90,48,Wicketkeeper,Length Delivery,Outside Leg,Missed,1,Front Foot,Flick,InSwinger,Over,Medium,Right,0.0,7.399,5.35,-0.543,0.094,0.638,-0.701,0.554,81.655,-0.151,-0.024,-1.0
2025-3-24 19:30:00,Chennai Super Kings,Mumbai Indians,Rachin Ravindra,Ruturaj Gaikwad,Satyanarayana Raju,2,4.1,5,2,1,0,37,15.5,0,0,0,1,1,0,0,25,0,95,119.0,8.88,0,1,2,13,15,,,0,177,143,Deep Square Leg,Back of Length,Outside Leg,Good,0,Front Foot,Pull,Straight Ball,Over,Medium,Right,0.0,8.484,9.734,-0.175,-0.056,0.607,-0.886,0.485,79.933,0.128,0.01,-1.0
2025-3-24 19:30:00,Chennai Super Kings,Mumbai Indians,Ruturaj Gaikwad,Rachin Ravindra,Satyanarayana Raju,2,4.2,5,3,4,0,41,15.4,0,0,0,1,1,0,0,26,0,94,115.0,9.46,1,4,3,10,22,,,0,172,173,Deep Backward Point,Back of Length,Wide Off,Middled,0,Back Foot,Cut,Straight Ball,Over,Medium,Right,0.0,8.752,9.927,-0.663,-0.038,0.599,-0.063,0.524,80.648,0.483,0.02,-1.0
2025-3-24 19:30:00,Chennai Super Kings,Mumbai Indians,Ruturaj Gaikwad,Rachin Ravindra,Satyanarayana Raju,2,4.3,5,4,4,0,45,15.3,0,0,0,1,1,0,0,27,0,93,111.0,10.0,1,4,4,11,26,,,0,169,170,Deep Backward Point,Back of Length,Wide Off,Middled,0,Back Foot,Cut,Straight Ball,Over,Medium,Right,0.0,9.149,10.276,-0.765,-0.022,0.593,-0.613,0.536,80.112,0.214,0.015,-1.0
2025-3-24 19:30:00,Chennai Super Kings,Mumbai Indians,Ruturaj Gaikwad,Rachin Ravindra,Satyanarayana Raju,2,4.4,5,5,1,0,46,15.2,0,0,0,1,1,0,0,28,0,92,110.0,9.85,1,1,4,12,27,,,0,162,146,Deep Backward Point,Back of Length,Wide Off,Good,0,Back Foot,Steer,Straight Ball,Over,Medium,Right,0.0,9.517,9.079,-0.527,-0.045,0.703,-0.804,0.517,80.328,0.386,0.022,-1.0
2025-3-24 19:30:00,Chennai Super Kings,Mumbai Indians,Rachin Ravindra,Ruturaj Gaikwad,Satyanarayana Raju,2,4.5,5,6,1,0,47,15.1,0,0,0,1,1,0,0,29,0,91,109.0,9.72,0,1,2,14,16,,,0,218,96,Mid Wicket,Back of Length,Outside Leg,Good,0,Front Foot,Worked,Straight Ball,Over,Medium,Right,0.0,7.489,9.695,-0.312,-0.076,0.536,-1.202,0.507,79.299,0.726,0.112,-1.0
2025-3-24 19:30:00,Chennai Super Kings,Mumbai Indians,Ruturaj Gaikwad,Rachin Ravindra,Satyanarayana Raju,2,4.6,5,7,1,0,48,15.0,0,0,0,1,1,0,0,30,0,90,108.0,9.6,1,1,4,13,28,,,0,169,140,Deep Backward Point,Back of Length,Outside Off,Good,0,Back Foot,Pushed,Straight Ball,Over,Medium,Right,0.0,7.947,8.513,-0.47,-0.088,0.61,-0.496,0.513,80.397,-0.079,0.008,-1.0
2025-3-24 19:30:00,Chennai Super Kings,Mumbai Indians,Ruturaj Gaikwad,Rachin Ravindra,Mitchell Santner,2,5.1,6,1,0,0,48,14.5,0,0,0,1,1,0,0,31,0,89,108.0,9.29,1,0,4,14,28,,,0,49,79,Short Fine Leg,Length Delivery,Leg stump,Good,0,Front Foot,Glance,Stock Ball,Round,Orthodox,Left,0.0,11.086,4.185,0.173,0.266,0.596,-3.402,0.686,54.93,2.432,0.289,-1.0
2025-3-24 19:30:00,Chennai Super Kings,Mumbai Indians,Ruturaj Gaikwad,Rachin Ravindra,Mitchell Santner,2,5.2,6,2,0,0,48,14.4,0,0,0,1,1,0,0,32,0,88,108.0,9.0,1,0,4,15,28,,,0,164,45,Gully,Length Delivery,Off stump,Missed,1,Front Foot,Slog Sweep,Stock Ball,Round,Orthodox,Left,0.0,13.001,6.021,-0.038,0.426,0.66,-5.68,0.756,56.309,1.604,0.159,-1.0
2025-3-24 19:30:00,Chennai Super Kings,Mumbai Indians,Ruturaj Gaikwad,Rachin Ravindra,Mitchell Santner,2,5.3,6,3,6,0,54,14.3,0,0,0,1,1,0,0,33,0,87,102.0,9.81,2,6,4,16,34,,,0,322,194,Deep Mid Wicket,Back of Length,Outside Off,Middled,0,Back Foot,Pull,Stock Ball,Round,Orthodox,Left,0.0,10.521,7.808,-0.152,0.162,0.622,-2.616,0.71,58.56,0.321,0.029,71.0
2025-3-24 19:30:00,Chennai Super Kings,Mumbai Indians,Ruturaj Gaikwad,Rachin Ravindra,Mitchell Santner,2,5.4,6,4,0,0,54,14.2,0,0,0,1,1,0,0,34,0,86,102.0,9.52,2,0,4,17,34,,,0,53,91,Short Fine Leg,Length Delivery,Leg stump,Missed,1,Front Foot,Sweep,Stock Ball,Round,Orthodox,Left,0.0,9.992,6.925,0.046,0.141,0.622,-1.668,0.686,60.74,0.44,0.043,-1.0
2025-3-24 19:30:00,Chennai Super Kings,Mumbai Indians,Ruturaj Gaikwad,Rachin Ravindra,Mitchell Santner,2,5.5,6,5,4,0,58,14.1,0,0,0,1,1,0,0,35,0,85,98.0,9.94,2,4,5,18,38,,,0,186,173,Deep Point,Length Delivery,Outside Off,Middled,0,Backs Away,Drive,Stock Ball,Round,Orthodox,Left,0.0,10.348,4.528,-0.015,0.257,0.593,-2.981,0.67,57.342,1.487,0.174,-1.0
2025-3-24 19:30:00,Chennai Super Kings,Mumbai Indians,Ruturaj Gaikwad,Rachin Ravindra,Mitchell Santner,2,5.6,6,6,4,0,62,14.0,0,0,0,1,1,0,0,36,0,84,94.0,10.33,2,4,6,19,42,,,0,353,172,Deep Square Leg,Back of Length,Outside Off,Middled,0,Back Foot,Pull,Stock Ball,Round,Orthodox,Left,0.0,9.591,7.582,-0.291,0.216,0.556,-2.466,0.677,60.286,0.122,0.012,-1.0
2025-3-24 19:30:00,Chennai Super Kings,Mumbai Indians,Rachin Ravindra,Ruturaj Gaikwad,Will Jacks,2,6.1,7,1,2,0,64,13.5,0,0,0,1,1,0,0,37,0,83,92.0,10.37,0,2,2,15,18,,,0,343,148,Deep Cover,Length Delivery,Outside Off,Good,0,Front Foot,Drive,Off Break,Round,OffSpin,Right,0.0,12.847,3.672,0.175,0.372,0.63,3.268,0.728,54.778,-2.412,-0.284,-1.0
2025-3-24 19:30:00,Chennai Super Kings,Mumbai Indians,Rachin Ravindra,Ruturaj Gaikwad,Will Jacks,2,6.2,7,2,1,0,65,13.4,0,0,0,1,1,0,0,38,0,82,91.0,10.26,0,1,2,16,19,,,0,200,135,Deep Mid Wicket,Half Volley,Outside Off,Good,0,Front Foot,Flick,Off Break,Round,OffSpin,Right,0.0,7.984,3.387,0.087,0.294,0.405,5.34,0.685,54.258,-1.687,-0.21,-1.0
2025-3-24 19:30:00,Chennai Super Kings,Mumbai Indians,Ruturaj Gaikwad,Rachin Ravindra,Will Jacks,2,6.3,7,3,6,0,71,13.3,0,0,0,1,1,0,0,39,0,81,85.0,10.92,3,6,6,20,48,,,0,208,188,Deep Extra Cover,Length Delivery,Wide Off,Middled,0,Front Foot,Drive,Off Break,Over,OffSpin,Right,0.0,10.736,3.691,-0.63,0.264,0.581,2.847,0.671,55.868,-1.888,-0.236,74.0
2025-3-24 19:30:00,Chennai Super Kings,Mumbai Indians,Ruturaj Gaikwad,Rachin Ravindra,Will Jacks,2,6.4,7,4,1,0,72,13.2,0,0,0,1,1,0,0,40,0,80,84.0,10.8,3,1,6,21,49,,,0,195,133,Deep Cover,Half Volley,Wide Off,Good,0,Front Foot,Drive,Off Break,Over,OffSpin,Right,0.0,11.439,2.241,-0.467,0.117,0.645,-0.236,0.7,56.576,-1.037,-0.137,-1.0
2025-3-24 19:30:00,Chennai Super Kings,Mumbai Indians,Rachin Ravindra,Ruturaj Gaikwad,Will Jacks,2,6.5,7,5,1,0,73,13.1,0,0,0,1,1,0,0,41,0,79,83.0,10.68,0,1,2,17,20,,,0,239,133,Long On,Length Delivery,Off stump,Good,0,Back Foot,Worked,Off Break,Round,OffSpin,Right,0.0,9.925,5.089,0.072,0.269,0.528,2.04,0.755,55.039,-1.597,-0.177,-1.0
2025-3-24 19:30:00,Chennai Super Kings,Mumbai Indians,Ruturaj Gaikwad,Rachin Ravindra,Will Jacks,2,6.6,7,6,1,0,74,13.0,0,0,0,1,1,0,0,42,0,78,82.0,10.57,3,1,6,22,50,,,0,20,136,Deep Backward Square Leg,Length Delivery,Outside Off,Good,0,Front Foot,Worked,Off Break,Over,OffSpin,Right,0.0,14.322,4.033,-0.411,0.449,0.659,6.431,0.688,55.309,-1.774,-0.211,-1.0
2025-3-24 19:30:00,Chennai Super Kings,Mumbai Indians,Ruturaj Gaikwad,Rachin Ravindra,Vignesh Puthur,2,7.1,8,1,1,0,75,12.5,0,0,0,1,1,0,0,43,0,77,81.0,10.46,3,1,6,23,51,,,0,344,151,Deep Mid Wicket,Length Delivery,Leg stump,Good,0,Front Foot,Worked,LeftArmLegspin,Over,Unorthodox,Left,0.0,13.383,5.553,0.077,0.322,0.616,2.797,0.868,47.587,0.374,0.043,-1.0
2025-3-24 19:30:00,Chennai Super Kings,Mumbai Indians,Rachin Ravindra,Ruturaj Gaikwad,Vignesh Puthur,2,7.2,8,2,1,0,76,12.4,0,0,0,1,1,0,0,44,0,76,80.0,10.36,0,1,2,18,21,,,0,197,132,Deep Mid Wicket,Length Delivery,Leg stump,Good,0,Back Foot,Worked,LeftArmLegspin,Over,Unorthodox,Left,0.0,13.24,5.192,-0.154,0.311,0.679,4.866,0.78,51.47,-2.941,-0.325,-1.0
2025-3-24 19:30:00,Chennai Super Kings,Mumbai Indians,Ruturaj Gaikwad,Rachin Ravindra,Vignesh Puthur,2,7.3,8,3,2,0,78,12.3,0,0,0,1,1,0,0,45,0,75,78.0,10.4,3,2,6,24,53,,,0,173,147,Deep Backward Point,Length Delivery,Outside Off,Good,0,Back Foot,Drive,Googly,Over,Unorthodox,Left,0.0,13.436,5.133,-0.21,0.214,0.683,0.349,0.858,49.553,-1.384,-0.156,-1.0
2025-3-24 19:30:00,Chennai Super Kings,Mumbai Indians,Ruturaj Gaikwad,Rachin Ravindra,Vignesh Puthur,2,7.4,8,4,0,0,78,12.2,0,0,0,1,1,0,0,46,0,74,78.0,10.17,3,0,6,25,53,,,0,168,78,Backward Point,Length Delivery,Outside Off,Good,0,Back Foot,Cut,LeftArmLegspin,Over,Unorthodox,Left,0.0,12.135,5.571,-0.443,0.36,0.652,5.0,0.828,53.33,-1.801,-0.195,-1.0
2025-3-24 19:30:00,Chennai Super Kings,Mumbai Indians,Ruturaj Gaikwad,Rachin Ravindra,Vignesh Puthur,2,7.5,8,5,0,0,78,12.1,0,0,2,1,1,0,0,47,0,73,78.0,9.95,3,0,6,26,53,caught,Will Jacks,31,254,159,Long Off,Half Volley,Middle stump,MisTimed,1,Front Foot,Drive,Googly,Over,Unorthodox,Left,1.0,15.181,3.342,-0.099,0.417,0.626,0.433,0.802,47.756,-1.376,-0.173,-1.0
2025-3-24 19:30:00,Chennai Super Kings,Mumbai Indians,Shivam Dube,Rachin Ravindra,Vignesh Puthur,2,7.6,8,6,1,0,79,12.0,0,0,0,1,1,0,0,48,0,72,77.0,9.87,0,1,0,1,1,,,0,145,129,Fine Leg,Length Delivery,Leg stump,Good,0,Back Foot,Worked,LeftArmLegspin,Over,Unorthodox,Left,0.0,11.559,6.579,-0.014,0.289,0.623,3.234,0.759,54.802,-1.58,-0.155,-1.0
2025-3-24 19:30:00,Chennai Super Kings,Mumbai Indians,Shivam Dube,Rachin Ravindra,Will Jacks,2,8.1,9,1,3,3,82,12.0,0,0,0,1,1,0,0,48,0,72,74.0,10.25,0,0,0,1,1,,,0,109,156,Fine Leg,Length Delivery,Outside Leg,Missed,1,Front Foot,Glance,Off Break,Round,OffSpin,Right,0.0,10.623,4.809,-0.28,0.186,0.568,2.669,0.836,54.501,-1.789,-0.2,-1.0
2025-3-24 19:30:00,Chennai Super Kings,Mumbai Indians,Shivam Dube,Rachin Ravindra,Will Jacks,2,8.1,9,2,0,0,82,11.5,0,0,0,1,1,0,0,49,0,71,74.0,10.04,0,0,0,2,1,,,0,282,37,Silly Mid Off,Length Delivery,Outside Off,Good,0,Front Foot,Pushed,Off Break,Round,OffSpin,Right,0.0,11.533,4.239,0.089,0.28,0.619,2.862,0.678,56.212,-1.483,-0.175,-1.0
2025-3-24 19:30:00,Chennai Super Kings,Mumbai Indians,Shivam Dube,Rachin Ravindra,Will Jacks,2,8.2,9,3,1,0,83,11.4,0,0,0,1,1,0,0,50,0,70,73.0,9.96,0,1,0,3,2,,,0,257,155,Long On,Length Delivery,Outside Off,Good,0,Front Foot,Drive,Off Break,Round,OffSpin,Right,0.0,10.526,6.327,0.113,0.191,0.6,1.958,0.708,56.532,-1.339,-0.136,-1.0
2025-3-24 19:30:00,Chennai Super Kings,Mumbai Indians,Rachin Ravindra,Shivam Dube,Will Jacks,2,8.3,9,4,1,0,84,11.3,0,0,0,1,1,0,0,51,0,69,72.0,9.88,0,1,2,19,22,,,0,159,137,Deep Backward Square Leg,Length Delivery,Middle stump,Good,0,Front Foot,Sweep,Off Break,Round,OffSpin,Right,0.0,11.427,5.75,0.022,0.252,0.614,3.848,0.678,55.393,-1.71,-0.182,-1.0
2025-3-24 19:30:00,Chennai Super Kings,Mumbai Indians,Shivam Dube,Rachin Ravindra,Will Jacks,2,8.4,9,5,1,0,85,11.2,0,0,0,1,1,0,0,52,0,68,71.0,9.8,0,1,0,4,3,,,0,246,138,Long On,Length Delivery,Outside Off,Good,0,Back Foot,Worked,Off Break,Round,OffSpin,Right,0.0,10.407,5.865,-0.027,0.217,0.58,3.053,0.683,58.484,-1.427,-0.15,-1.0
2025-3-24 19:30:00,Chennai Super Kings,Mumbai Indians,Rachin Ravindra,Shivam Dube,Will Jacks,2,8.5,9,6,1,0,86,11.1,0,0,0,1,1,0,0,53,0,67,70.0,9.73,0,1,2,20,23,,,0,176,143,Deep Square Leg,Length Delivery,Off stump,Good,0,Back Foot,Worked,Off Break,Round,OffSpin,Right,0.0,11.118,5.752,0.036,0.164,0.623,1.725,0.698,58.65,-1.201,-0.127,-1.0
2025-3-24 19:30:00,Chennai Super Kings,Mumbai Indians,Shivam Dube,Rachin Ravindra,Will Jacks,2,8.6,9,7,6,0,92,11.0,0,0,0,1,1,0,0,54,0,66,64.0,10.22,1,6,0,5,9,,,0,202,183,Deep Mid Wicket,Length Delivery,Outside Off,Middled,0,Back Foot,Slog,Off Break,Round,OffSpin,Right,0.0,9.815,7.443,0.207,0.182,0.576,1.87,0.657,60.336,-1.039,-0.096,75.0
2025-3-24 19:30:00,Chennai Super Kings,Mumbai Indians,Rachin Ravindra,Shivam Dube,Vignesh Puthur,2,9.1,10,1,2,0,94,10.5,0,0,0,1,1,0,0,55,0,65,62.0,10.25,0,2,2,21,25,,,0,126,162,Fine Leg,Length Delivery,Outside Leg,Good,0,Front Foot,Sweep,LeftArmLegspin,Over,Unorthodox,Left,0.0,14.129,5.26,-0.433,0.387,0.676,6.519,0.745,50.924,-2.665,-0.294,-1.0
2025-3-24 19:30:00,Chennai Super Kings,Mumbai Indians,Rachin Ravindra,Shivam Dube,Vignesh Puthur,2,9.2,10,2,1,0,95,10.4,0,0,0,1,1,0,0,56,0,64,61.0,10.17,0,1,2,22,26,,,0,177,141,Deep Square Leg,Length Delivery,Outside Off,MisTimed,1,Front Foot,Sweep,LeftArmLegspin,Over,Unorthodox,Left,0.0,12.186,3.98,0.254,0.246,0.596,3.322,0.766,48.451,-1.775,-0.213,-1.0
2025-3-24 19:30:00,Chennai Super Kings,Mumbai Indians,Shivam Dube,Rachin Ravindra,Vignesh Puthur,2,9.3,10,3,0,0,95,10.3,0,0,0,1,1,0,0,57,0,63,61.0,10.0,1,0,0,6,9,,,0,90,48,Wicketkeeper,Length Delivery,Wide Off,Missed,1,Front Foot,Slog,Googly,Over,Unorthodox,Left,0.0,11.781,4.607,0.543,0.361,0.529,-1.934,0.988,47.766,-1.239,-0.157,-1.0
2025-3-24 19:30:00,Chennai Super Kings,Mumbai Indians,Shivam Dube,Rachin Ravindra,Vignesh Puthur,2,9.4,10,4,0,0,95,10.2,0,0,3,1,1,0,0,58,0,62,61.0,9.82,1,0,0,7,9,caught,Tilak Varma,8,249,170,Long On,Length Delivery,Outside Off,MisTimed,1,Front Foot,Slog,LeftArmLegspin,Over,Unorthodox,Left,2.0,13.347,4.424,0.134,0.403,0.612,5.688,0.744,49.981,-2.254,-0.262,-1.0
2025-3-24 19:30:00,Chennai Super Kings,Mumbai Indians,Deepak Hooda,Rachin Ravindra,Vignesh Puthur,2,9.5,10,5,1,0,96,10.1,0,0,0,1,1,0,0,59,0,61,60.0,9.76,0,1,0,1,1,,,0,30,138,Fine Leg,Full Toss,Outside Leg,Good,0,Front Foot,Sweep,LeftArmLegspin,Over,Unorthodox,Left,0.0,13.121,2.624,0.276,0.089,0.65,0.0,0.728,48.486,-0.19,-0.022,-1.0
2025-3-24 19:30:00,Chennai Super Kings,Mumbai Indians,Rachin Ravindra,Deepak Hooda,Vignesh Puthur,2,9.6,10,6,0,0,96,10.0,0,0,0,1,1,0,0,60,0,60,60.0,9.6,0,0,2,23,26,,,0,223,53,Short Mid Wicket,Length Delivery,Leg stump,Good,0,Front Foot,Worked,LeftArmLegspin,Over,Unorthodox,Left,0.0,10.279,4.177,-0.093,0.288,0.505,4.573,0.752,49.78,-1.923,-0.229,-1.0
2025-3-24 19:30:00,Chennai Super Kings,Mumbai Indians,Deepak Hooda,Rachin Ravindra,Mitchell Santner,2,10.1,11,1,1,0,97,9.5,0,0,0,1,1,0,0,61,0,59,59.0,9.54,0,1,0,2,2,,,0,23,139,Deep Backward Square Leg,Length Delivery,Off stump,Good,0,Front Foot,Sweep,Stock Ball,Round,Orthodox,Left,0.0,11.79,4.943,-0.028,0.261,0.608,-3.423,0.677,53.533,2.075,0.234,-1.0
2025-3-24 19:30:00,Chennai Super Kings,Mumbai Indians,Rachin Ravindra,Deepak Hooda,Mitchell Santner,2,10.2,11,2,0,0,97,9.4,0,0,0,1,1,0,0,62,0,58,59.0,9.38,0,0,2,24,26,,,0,285,34,Silly Mid Off,Length Delivery,Outside Off,MisTimed,1,Back Foot,Drive,Stock Ball,Over,Orthodox,Left,0.0,13.841,5.3,0.352,0.47,0.68,-6.137,0.774,56.397,1.454,0.157,-1.0
2025-3-24 19:30:00,Chennai Super Kings,Mumbai Indians,Rachin Ravindra,Deepak Hooda,Mitchell Santner,2,10.3,11,3,1,0,98,9.3,0,0,0,1,1,0,0,63,0,57,58.0,9.33,0,1,2,25,27,,,0,249,140,Long On,Length Delivery,Outside Off,MisTimed,1,Back Foot,Pull,Stock Ball,Over,Orthodox,Left,0.0,7.769,6.078,0.365,0.18,0.463,-1.806,0.71,58.258,1.222,0.125,-1.0
2025-3-24 19:30:00,Chennai Super Kings,Mumbai Indians,Deepak Hooda,Rachin Ravindra,Mitchell Santner,2,10.4,11,4,1,0,99,9.2,0,0,0,1,1,0,0,64,0,56,57.0,9.28,0,1,0,3,3,,,0,194,40,Point,Length Delivery,Middle stump,Good,0,Front Foot,Dropped,Stock Ball,Round,Orthodox,Left,0.0,11.655,5.664,0.073,0.335,0.491,-6.219,0.854,48.195,3.241,0.334,-1.0
2025-3-24 19:30:00,Chennai Super Kings,Mumbai Indians,Rachin Ravindra,Deepak Hooda,Mitchell Santner,2,10.5,11,5,0,0,99,9.1,0,0,0,1,1,0,0,65,0,55,57.0,9.13,0,0,2,26,27,,,0,270,40,Bowler,Length Delivery,Outside Off,MisTimed,1,Front Foot,Drive,Stock Ball,Over,Orthodox,Left,0.0,11.637,6.516,0.11,0.184,0.669,-1.444,0.688,57.849,0.979,0.097,-1.0
2025-3-24 19:30:00,Chennai Super Kings,Mumbai Indians,Rachin Ravindra,Deepak Hooda,Mitchell Santner,2,10.6,11,6,1,0,100,9.0,0,0,0,1,1,0,0,66,0,54,56.0,9.09,0,1,2,27,28,,,0,246,138,Long On,Length Delivery,Outside Off,Good,0,Back Foot,Worked,Stock Ball,Over,Orthodox,Left,0.0,10.917,5.831,0.184,0.195,0.592,-2.653,0.758,54.47,2.453,0.256,-1.0
2025-3-24 19:30:00,Chennai Super Kings,Mumbai Indians,Rachin Ravindra,Deepak Hooda,Vignesh Puthur,2,11.1,12,1,6,0,106,8.5,0,0,0,1,1,0,0,67,0,53,50.0,9.49,1,6,2,28,34,,,0,270,206,Long Off,Length Delivery,Middle stump,Middled,0,Down The Track,Drive,LeftArmLegspin,Over,Unorthodox,Left,0.0,12.215,4.516,-0.102,0.281,0.605,4.271,0.703,49.222,-1.534,-0.179,85.0
2025-3-24 19:30:00,Chennai Super Kings,Mumbai Indians,Rachin Ravindra,Deepak Hooda,Vignesh Puthur,2,11.2,12,2,1,0,107,8.4,0,0,0,1,1,0,0,68,0,52,49.0,9.44,1,1,2,29,35,,,0,182,155,Deep Square Leg,Length Delivery,Leg stump,Good,0,Back Foot,Pull,LeftArmLegspin,Over,Unorthodox,Left,0.0,12.165,6.759,-0.13,0.308,0.598,6.15,0.825,50.434,-3.013,-0.303,-1.0
2025-3-24 19:30:00,Chennai Super Kings,Mumbai Indians,Deepak Hooda,Rachin Ravindra,Vignesh Puthur,2,11.3,12,3,0,0,107,8.3,0,0,0,1,1,0,0,69,0,51,49.0,9.3,0,0,0,4,3,,,0,105,50,First Slip,Length Delivery,Middle stump,Missed,1,Front Foot,Sweep,Googly,Over,Unorthodox,Left,0.0,13.815,5.053,-0.051,0.449,0.596,-0.611,0.777,48.619,-1.486,-0.166,-1.0
2025-3-24 19:30:00,Chennai Super Kings,Mumbai Indians,Deepak Hooda,Rachin Ravindra,Vignesh Puthur,2,11.4,12,4,0,0,107,8.2,0,0,4,1,1,0,0,70,0,50,49.0,9.17,0,0,0,5,3,caught,Satyanarayana Raju,8,358,158,Deep Square Leg,Length Delivery,Outside Leg,MisTimed,1,Front Foot,Slog Sweep,Googly,Over,Unorthodox,Left,2.0,14.818,4.825,0.287,0.375,0.663,0.714,0.766,48.628,-1.085,-0.123,-1.0
2025-3-24 19:30:00,Chennai Super Kings,Mumbai Indians,Sam Curran,Rachin Ravindra,Vignesh Puthur,2,11.5,12,5,1,0,108,8.1,0,0,0,1,1,0,0,71,0,49,48.0,9.12,0,1,0,1,1,,,0,242,143,Long On,Length Delivery,Outside Off,MisTimed,1,Back Foot,Pull,LeftArmLegspin,Over,Unorthodox,Left,0.0,11.366,6.716,0.234,0.377,0.521,3.02,0.896,48.196,0.315,0.03,-1.0
2025-3-24 19:30:00,Chennai Super Kings,Mumbai Indians,Rachin Ravindra,Sam Curran,Vignesh Puthur,2,11.6,12,6,0,0,108,8.0,0,0,0,1,1,0,0,72,0,48,48.0,9.0,1,0,2,30,35,,,0,131,71,Short Fine Leg,Half Volley,Outside Leg,Inside Edge,1,Front Foot,Worked,LeftArmLegspin,Over,Unorthodox,Left,0.0,14.5,2.862,-0.207,0.285,0.658,4.251,0.743,49.892,-2.554,-0.694,-1.0
2025-3-24 19:30:00,Chennai Super Kings,Mumbai Indians,Sam Curran,Rachin Ravindra,Will Jacks,2,12.1,13,1,0,0,108,7.5,0,0,0,1,1,0,0,73,0,47,48.0,8.87,0,0,0,2,1,,,0,223,50,Short Mid Wicket,Half Volley,Leg stump,Good,0,Front Foot,Worked,Off Break,Round,OffSpin,Right,0.0,13.166,2.691,-0.138,0.346,0.663,1.495,0.714,54.765,-2.245,-0.296,-1.0
2025-3-24 19:30:00,Chennai Super Kings,Mumbai Indians,Sam Curran,Rachin Ravindra,Will Jacks,2,12.2,13,2,0,0,108,7.4,0,0,0,1,1,0,0,74,0,46,48.0,8.75,0,0,0,3,1,,,0,224,51,Short Mid Wicket,Half Volley,Outside Leg,Good,0,Front Foot,Worked,Off Break,Round,OffSpin,Right,0.0,11.844,3.09,-0.206,0.277,0.624,3.383,0.703,55.055,-1.97,-0.251,-1.0
2025-3-24 19:30:00,Chennai Super Kings,Mumbai Indians,Sam Curran,Rachin Ravindra,Will Jacks,2,12.3,13,3,1,0,109,7.3,0,0,0,1,1,0,0,75,0,45,47.0,8.72,0,1,0,4,2,,,0,250,150,Long On,Length Delivery,Outside Off,Good,0,Back Foot,Drive,Off Break,Round,OffSpin,Right,0.0,11.627,5.814,0.11,0.307,0.605,3.631,0.773,54.985,-1.606,-0.169,-1.0
2025-3-24 19:30:00,Chennai Super Kings,Mumbai Indians,Rachin Ravindra,Sam Curran,Will Jacks,2,12.4,13,4,2,0,111,7.2,0,0,0,1,1,0,0,76,0,44,45.0,8.76,1,2,2,31,37,,,0,224,157,Long On,Length Delivery,Middle stump,Good,0,Front Foot,Flick,Off Break,Round,OffSpin,Right,0.0,12.243,3.826,-0.085,0.288,0.623,3.272,0.7,53.851,-2.174,-0.264,-1.0
2025-3-24 19:30:00,Chennai Super Kings,Mumbai Indians,Rachin Ravindra,Sam Curran,Will Jacks,2,12.5,13,5,0,0,111,7.1,0,0,0,1,1,0,0,77,0,43,45.0,8.64,1,0,2,32,37,,,0,340,88,Cover,Length Delivery,Outside Off,Good,0,Back Foot,Cut,Off Break,Round,OffSpin,Right,0.0,10.535,5.221,0.359,0.396,0.555,3.675,0.747,56.094,-1.368,-0.15,-1.0
2025-3-24 19:30:00,Chennai Super Kings,Mumbai Indians,Rachin Ravindra,Sam Curran,Will Jacks,2,12.6,13,6,1,0,112,7.0,0,0,0,1,1,0,0,78,0,42,44.0,8.61,1,1,2,33,38,,,0,200,145,Deep Mid Wicket,Length Delivery,Middle stump,Good,0,Front Foot,Flick,Off Break,Round,OffSpin,Right,0.0,11.021,3.972,-0.033,0.258,0.633,1.862,0.647,57.787,-1.412,-0.17,-1.0
2025-3-24 19:30:00,Chennai Super Kings,Mumbai Indians,Rachin Ravindra,Sam Curran,Naman Dhir,2,13.1,14,1,1,0,113,6.5,0,0,0,1,1,0,0,79,0,41,43.0,8.58,1,1,2,34,39,,,0,239,150,Long On,Half Volley,Leg stump,Good,0,Front Foot,Flick,Off Break,Round,OffSpin,Right,0.0,12.864,2.915,-0.166,0.187,0.781,3.249,0.663,57.218,-2.406,-0.31,-1.0
2025-3-24 19:30:00,Chennai Super Kings,Mumbai Indians,Sam Curran,Rachin Ravindra,Naman Dhir,2,13.2,14,2,0,0,113,6.4,0,0,0,1,1,0,0,80,0,40,43.0,8.47,0,0,0,5,2,,,0,301,92,Mid Off,Length Delivery,Outside Off,Good,0,Back Foot,Drive,Off Break,Round,OffSpin,Right,0.0,12.193,5.582,0.253,0.297,0.675,2.619,0.753,56.851,-2.199,-0.236,-1.0
2025-3-24 19:30:00,Chennai Super Kings,Mumbai Indians,Sam Curran,Rachin Ravindra,Naman Dhir,2,13.3,14,3,1,0,114,6.3,0,0,0,1,1,0,0,81,0,39,42.0,8.44,0,1,0,6,3,,,0,158,127,Deep Backward Square Leg,Length Delivery,Leg stump,Inside Edge,1,Front Foot,Worked,Off Break,Round,OffSpin,Right,0.0,12.381,3.842,-0.169,0.275,0.641,2.684,0.72,52.792,-3.142,-0.381,-1.0
2025-3-24 19:30:00,Chennai Super Kings,Mumbai Indians,Rachin Ravindra,Sam Curran,Naman Dhir,2,13.4,14,4,1,0,115,6.2,0,0,0,1,1,0,0,82,0,38,41.0,8.41,1,1,2,35,40,,,0,160,132,Deep Backward Square Leg,Length Delivery,Middle stump,Good,0,Front Foot,Worked,Off Break,Round,OffSpin,Right,0.0,11.505,5.514,0.024,0.247,0.627,2.468,0.738,54.556,-2.755,-0.298,-1.0
2025-3-24 19:30:00,Chennai Super Kings,Mumbai Indians,Sam Curran,Rachin Ravindra,Naman Dhir,2,13.5,14,5,0,0,115,6.1,0,0,0,1,1,0,0,83,0,37,41.0,8.31,0,0,0,7,3,,,0,328,63,Short Extra Cover,Length Delivery,Outside Off,Good,0,Back Foot,Drive,Off Break,Round,OffSpin,Right,0.0,11.234,4.728,0.293,0.385,0.588,4.111,0.767,55.83,-2.684,-0.304,-1.0
2025-3-24 19:30:00,Chennai Super Kings,Mumbai Indians,Sam Curran,Rachin Ravindra,Naman Dhir,2,13.6,14,6,1,0,116,6.0,0,0,0,1,1,0,0,84,0,36,40.0,8.28,0,1,0,8,4,,,0,191,137,Deep Mid Wicket,Length Delivery,Outside Off,Good,0,Back Foot,Worked,Off Break,Round,OffSpin,Right,0.0,11.407,4.801,0.093,0.232,0.642,2.129,0.733,56.049,-2.005,-0.228,-1.0
2025-3-24 19:30:00,Chennai Super Kings,Mumbai Indians,Sam Curran,Rachin Ravindra,Will Jacks,2,14.1,15,1,0,0,116,5.5,0,0,5,1,1,0,0,85,0,35,40.0,8.18,0,0,0,9,4,bowled,,9,0,0,,Length Delivery,Outside Off,Missed,1,Front Foot,Slog Sweep,Off Break,Round,OffSpin,Right,0.0,10.798,3.867,0.158,0.254,0.571,1.765,0.789,56.705,-0.508,-0.062,-1.0
2025-3-24 19:30:00,Chennai Super Kings,Mumbai Indians,Ravindra Jadeja,Rachin Ravindra,Will Jacks,2,14.2,15,2,0,0,116,5.4,0,0,0,1,1,0,0,86,0,34,40.0,8.09,0,0,0,1,0,,,0,219,33,Short Leg,Length Delivery,Leg stump,Missed,1,Front Foot,Worked,Off Break,Round,OffSpin,Right,0.0,9.308,4.917,-0.045,0.274,0.51,2.692,0.718,56.112,-1.74,-0.2,-1.0
2025-3-24 19:30:00,Chennai Super Kings,Mumbai Indians,Ravindra Jadeja,Rachin Ravindra,Will Jacks,2,14.3,15,3,0,0,116,5.3,0,0,0,1,1,0,0,87,0,33,40.0,8.0,0,0,0,2,0,,,0,216,51,Short Mid Wicket,Length Delivery,Off stump,Good,0,Front Foot,Worked,Off Break,Round,OffSpin,Right,0.0,12.164,4.699,0.036,0.3,0.665,2.982,0.659,56.766,-2.01,-0.229,-1.0
2025-3-24 19:30:00,Chennai Super Kings,Mumbai Indians,Ravindra Jadeja,Rachin Ravindra,Will Jacks,2,14.4,15,4,1,0,117,5.2,0,0,0,1,1,0,0,88,0,32,39.0,7.97,0,1,0,3,1,,,0,283,93,Mid Off,Length Delivery,Outside Off,MisTimed,1,Front Foot,Drive,Off Break,Round,OffSpin,Right,0.0,10.157,4.404,0.257,0.335,0.511,2.32,0.677,56.217,-1.187,-0.131,-1.0
2025-3-24 19:30:00,Chennai Super Kings,Mumbai Indians,Rachin Ravindra,Ravindra Jadeja,Will Jacks,2,14.5,15,5,1,0,118,5.1,0,0,0,1,1,0,0,89,0,31,38.0,7.95,1,1,2,36,41,,,0,202,68,Mid Wicket,Length Delivery,Outside Off,Inside Edge,1,Front Foot,Flick,Off Break,Round,OffSpin,Right,0.0,10.033,4.132,0.148,0.157,0.578,1.201,0.661,57.506,-0.786,-0.093,-1.0
2025-3-24 19:30:00,Chennai Super Kings,Mumbai Indians,Ravindra Jadeja,Rachin Ravindra,Will Jacks,2,14.6,15,6,1,0,119,5.0,0,0,0,1,1,0,0,90,0,30,37.0,7.93,0,1,0,4,2,,,0,140,118,Fine Leg,Length Delivery,Outside Off,MisTimed,1,Front Foot,Sweep,Off Break,Round,OffSpin,Right,0.0,11.553,5.316,0.156,0.241,0.608,2.289,0.65,56.009,-0.868,-0.095,-1.0
2025-3-24 19:30:00,Chennai Super Kings,Mumbai Indians,Ravindra Jadeja,Rachin Ravindra,Naman Dhir,2,15.1,16,1,1,0,120,4.5,0,0,0,1,1,0,0,91,0,29,36.0,7.91,0,1,0,5,3,,,0,298,146,Long Off,Length Delivery,Outside Off,MisTimed,1,Front Foot,Pushed,Off Break,Round,OffSpin,Right,0.0,12.285,5.229,0.394,0.309,0.676,2.526,0.696,56.46,-2.22,-0.244,-1.0
2025-3-24 19:30:00,Chennai Super Kings,Mumbai Indians,Rachin Ravindra,Ravindra Jadeja,Naman Dhir,2,15.2,16,2,1,0,121,4.4,0,0,0,1,1,0,0,92,0,28,35.0,7.89,1,1,2,37,42,,,0,290,99,Mid Off,Length Delivery,Outside Off,Leading Edge,1,Front Foot,Flick,Off Break,Round,OffSpin,Right,0.0,12.41,4.973,0.197,0.323,0.673,3.582,0.667,56.339,-2.158,-0.243,-1.0
2025-3-24 19:30:00,Chennai Super Kings,Mumbai Indians,Ravindra Jadeja,Rachin Ravindra,Naman Dhir,2,15.3,16,3,1,0,122,4.3,0,0,0,1,1,0,0,93,0,27,34.0,7.87,0,1,0,6,4,,,0,163,130,Deep Backward Square Leg,Length Delivery,Wide Off,Good,0,Front Foot,Sweep,Off Break,Round,OffSpin,Right,0.0,12.002,7.142,0.596,0.289,0.65,2.934,0.667,57.276,-1.734,-0.163,-1.0
2025-3-24 19:30:00,Chennai Super Kings,Mumbai Indians,Rachin Ravindra,Ravindra Jadeja,Naman Dhir,2,15.4,16,4,1,0,123,4.2,0,0,0,1,1,0,0,94,0,26,33.0,7.85,1,1,2,38,43,,,0,240,138,Long On,Half Volley,Outside Off,Good,0,Front Foot,Flick,Off Break,Round,OffSpin,Right,0.0,13.629,3.612,0.075,0.404,0.678,3.75,0.686,54.954,-2.979,-0.367,-1.0
2025-3-24 19:30:00,Chennai Super Kings,Mumbai Indians,Ravindra Jadeja,Rachin Ravindra,Naman Dhir,2,15.5,16,5,1,0,124,4.1,0,0,0,1,1,0,0,95,0,25,32.0,7.83,0,1,0,7,5,,,0,141,79,Short Fine Leg,Length Delivery,Outside Off,Good,0,Front Foot,Sweep,Off Break,Round,OffSpin,Right,0.0,9.906,5.014,0.427,0.22,0.568,2.056,0.643,56.112,-2.309,-0.258,-1.0
2025-3-24 19:30:00,Chennai Super Kings,Mumbai Indians,Rachin Ravindra,Ravindra Jadeja,Naman Dhir,2,15.6,16,6,1,0,125,4.0,0,0,0,1,1,0,0,96,0,24,31.0,7.81,1,1,2,39,44,,,0,342,147,Deep Cover,Length Delivery,Outside Off,Good,0,Back Foot,Cut,Off Break,Round,OffSpin,Right,0.0,9.13,5.182,0.501,0.228,0.553,0.953,0.707,57.666,-1.511,-0.167,-1.0
2025-3-24 19:30:00,Chennai Super Kings,Mumbai Indians,Rachin Ravindra,Ravindra Jadeja,Trent Boult,2,16.1,17,1,1,0,126,3.5,0,0,0,1,1,0,0,97,0,23,30.0,7.79,1,1,2,40,45,,,0,202,147,Deep Mid Wicket,Back of Length,Outside Off,Good,0,Front Foot,Slog,Straight Ball,Over,Fast,Left,0.0,7.412,9.438,0.323,0.29,0.458,-1.11,0.487,82.385,0.246,0.019,-1.0
2025-3-24 19:30:00,Chennai Super Kings,Mumbai Indians,Ravindra Jadeja,Rachin Ravindra,Trent Boult,2,16.2,17,2,4,0,130,3.4,0,0,0,1,1,0,0,98,0,22,26.0,7.95,0,4,1,8,9,,,0,27,165,Third Man,Length Delivery,Outside Off,Middled,0,Front Foot,Cut,Straight Ball,Over,Fast,Left,0.0,8.953,8.542,0.558,0.156,0.645,-0.382,0.5,83.466,0.496,0.041,-1.0
2025-3-24 19:30:00,Chennai Super Kings,Mumbai Indians,Ravindra Jadeja,Rachin Ravindra,Trent Boult,2,16.3,17,3,2,0,132,3.3,0,0,0,1,1,0,0,99,0,21,24.0,8.0,0,2,1,9,11,,,0,180,157,Deep Square Leg,Short Length,Outside Off,Middled,0,Back Foot,Pull,Off Cutter,Over,Fast,Left,0.0,12.843,12.463,0.392,0.262,0.577,-0.808,0.612,71.128,-0.405,-0.001,-1.0
2025-3-24 19:30:00,Chennai Super Kings,Mumbai Indians,Ravindra Jadeja,Rachin Ravindra,Trent Boult,2,16.4,17,4,1,0,133,3.2,0,0,0,1,1,0,0,100,0,20,23.0,7.98,0,1,1,10,12,,,0,212,78,Mid Wicket,Back of Length,Outside Off,Good,0,Back Foot,Pull,Straight Ball,Over,Fast,Left,0.0,9.305,9.36,0.32,0.248,0.618,0.252,0.487,85.508,-0.528,-0.026,-1.0
2025-3-24 19:30:00,Chennai Super Kings,Mumbai Indians,Rachin Ravindra,Ravindra Jadeja,Trent Boult,2,16.5,17,5,1,0,134,3.1,0,0,0,1,1,0,0,101,0,19,22.0,7.96,1,1,2,41,46,,,0,193,157,Deep Mid Wicket,Short Length,Outside Off,Good,0,Front Foot,Pull,Off Cutter,Over,Fast,Left,0.0,16.408,13.846,0.521,0.305,0.571,-2.688,0.648,69.937,0.156,0.006,-1.0
2025-3-24 19:30:00,Chennai Super Kings,Mumbai Indians,Ravindra Jadeja,Rachin Ravindra,Trent Boult,2,16.6,17,6,1,0,135,3.0,0,0,0,1,1,0,0,102,0,18,21.0,7.94,0,1,1,11,13,,,0,30,146,Third Man,Back of Length,Outside Off,Middled,0,Back Foot,Steer,Straight Ball,Over,Fast,Left,0.0,7.706,8.898,0.388,0.202,0.551,-0.212,0.495,85.582,-0.038,-0.003,-1.0
2025-3-24 19:30:00,Chennai Super Kings,Mumbai Indians,Ravindra Jadeja,Rachin Ravindra,Vignesh Puthur,2,17.1,18,1,0,0,135,2.5,0,0,0,1,1,0,0,103,0,17,21.0,7.86,0,0,1,12,13,,,0,239,24,Short Leg,Length Delivery,Middle stump,MisTimed,1,Front Foot,Forward Defensive,LeftArmLegspin,Over,Unorthodox,Left,0.0,15.61,5.136,-0.037,0.496,0.652,5.771,0.797,48.875,-2.291,-0.254,-1.0
2025-3-24 19:30:00,Chennai Super Kings,Mumbai Indians,Ravindra Jadeja,Rachin Ravindra,Vignesh Puthur,2,17.2,18,2,1,0,136,2.4,0,0,0,1,1,0,0,104,0,16,20.0,7.84,0,1,1,13,14,,,0,211,137,Deep Mid Wicket,Half Volley,Outside Leg,Good,0,Front Foot,Flick,LeftArmLegspin,Over,Unorthodox,Left,0.0,13.662,3.16,-0.373,0.418,0.587,5.739,0.766,50.14,-1.991,-0.252,-1.0
2025-3-24 19:30:00,Chennai Super Kings,Mumbai Indians,Rachin Ravindra,Ravindra Jadeja,Vignesh Puthur,2,17.3,18,3,6,0,142,2.3,0,0,0,1,1,0,0,105,0,15,14.0,8.11,2,6,2,42,52,,,0,205,191,Deep Mid Wicket,Full Toss,Outside Leg,Middled,0,Down The Track,Slog,LeftArmLegspin,Over,Unorthodox,Left,0.0,12.455,2.943,-0.493,0.094,0.65,-0.0,0.689,50.414,-2.577,-0.297,77.0
2025-3-24 19:30:00,Chennai Super Kings,Mumbai Indians,Rachin Ravindra,Ravindra Jadeja,Vignesh Puthur,2,17.4,18,4,1,0,143,2.2,0,0,0,1,1,0,0,106,0,14,13.0,8.09,2,1,2,43,53,,,0,162,148,Deep Backward Square Leg,Length Delivery,Leg stump,Middled,0,Front Foot,Sweep,LeftArmLegspin,Over,Unorthodox,Left,0.0,14.091,4.725,-0.142,0.598,0.642,5.861,0.663,55.735,-2.479,-0.283,-1.0
2025-3-24 19:30:00,Chennai Super Kings,Mumbai Indians,Ravindra Jadeja,Rachin Ravindra,Vignesh Puthur,2,17.5,18,5,1,0,144,2.1,0,0,0,1,1,0,0,107,0,13,12.0,8.07,0,1,1,14,15,,,0,328,52,Short Extra Cover,Length Delivery,Outside Off,Good,0,Down The Track,Pushed,LeftArmLegspin,Over,Unorthodox,Left,0.0,13.419,6.634,0.142,0.398,0.634,5.95,0.729,50.324,-1.941,-0.192,-1.0
2025-3-24 19:30:00,Chennai Super Kings,Mumbai Indians,Rachin Ravindra,Ravindra Jadeja,Vignesh Puthur,2,17.6,18,6,6,0,150,2.0,0,0,0,1,1,0,0,108,0,12,6.0,8.33,3,6,2,44,59,,,0,210,192,Deep Mid Wicket,Length Delivery,Middle stump,Middled,0,Down The Track,Slog,LeftArmLegspin,Over,Unorthodox,Left,0.0,13.086,5.108,-0.103,0.345,0.62,5.377,0.702,49.975,-1.224,-0.132,78.0
2025-3-24 19:30:00,Chennai Super Kings,Mumbai Indians,Ravindra Jadeja,Rachin Ravindra,Naman Dhir,2,18.1,19,1,2,0,152,1.5,0,0,0,1,1,0,0,109,0,11,4.0,8.36,0,2,1,15,17,,,0,72,122,Third Man,Length Delivery,Outside Off,MisTimed,1,Front Foot,Reverse Sweep,Off Break,Round,OffSpin,Right,0.0,10.763,5.825,0.322,0.333,0.539,3.454,0.681,52.803,-1.819,-0.194,-1.0
2025-3-24 19:30:00,Chennai Super Kings,Mumbai Indians,Ravindra Jadeja,Rachin Ravindra,Naman Dhir,2,18.2,19,2,0,0,152,1.4,0,0,0,1,1,0,0,110,0,10,4.0,8.29,0,0,1,16,17,,,0,270,40,Bowler,Length Delivery,Outside Off,Good,0,Front Foot,Pushed,Off Break,Round,OffSpin,Right,0.0,12.105,4.802,0.134,0.105,0.65,3.479,0.697,51.214,-2.819,-0.321,-1.0
2025-3-24 19:30:00,Chennai Super Kings,Mumbai Indians,Ravindra Jadeja,Rachin Ravindra,Naman Dhir,2,18.3,19,3,0,0,152,1.3,0,0,0,1,1,0,0,111,0,9,4.0,8.21,0,0,1,17,17,,,0,33,85,Backward Point,Length Delivery,Outside Off,Good,0,Front Foot,Reverse Sweep,Off Break,Round,OffSpin,Right,0.0,19.935,4.728,0.127,-0.035,1.188,11.108,0.683,50.335,-2.815,-0.322,-1.0
2025-3-24 19:30:00,Chennai Super Kings,Mumbai Indians,Ravindra Jadeja,Rachin Ravindra,Naman Dhir,2,18.4,19,4,0,0,152,1.2,0,0,6,1,1,0,0,112,0,8,4.0,8.14,0,0,1,18,17,run out,,24,200,80,Mid Wicket,Length Delivery,Outside Off,Good,0,Back Foot,Worked,Off Break,Round,OffSpin,Right,0.0,12.145,6.013,0.145,0.325,0.597,3.823,0.826,51.187,-2.413,-0.251,-1.0
2025-3-24 19:30:00,Chennai Super Kings,Mumbai Indians,MS Dhoni,Rachin Ravindra,Naman Dhir,2,18.5,19,5,0,0,152,1.1,0,0,0,1,1,0,0,113,0,7,4.0,8.07,0,0,0,1,0,,,0,328,64,Short Mid Wicket,Length Delivery,Outside Off,Good,0,Back Foot,Worked,Off Break,Over,OffSpin,Right,0.0,7.844,5.354,-0.322,0.269,0.495,0.812,0.706,59.997,-0.983,-0.106,-1.0
2025-3-24 19:30:00,Chennai Super Kings,Mumbai Indians,MS Dhoni,Rachin Ravindra,Naman Dhir,2,18.6,19,6,0,0,152,1.0,0,0,0,1,1,0,0,114,0,6,4.0,8.0,0,0,0,2,0,,,0,318,62,Short Mid Wicket,Length Delivery,Outside Off,Good,0,Back Foot,Drive,Off Break,Over,OffSpin,Right,0.0,10.684,6.291,-0.358,0.278,0.649,1.881,0.73,58.777,-0.164,-0.016,-1.0
2025-3-24 19:30:00,Chennai Super Kings,Mumbai Indians,Rachin Ravindra,MS Dhoni,Mitchell Santner,2,19.1,20,1,6,0,158,0.5,0,0,0,1,1,0,0,115,0,5,,8.24,4,6,2,45,65,,,0,202,194,Deep Mid Wicket,Length Delivery,Outside Off,Middled,0,Back Foot,Pull,Stock Ball,Over,Orthodox,Left,0.0,10.826,6.14,0.169,0.268,0.608,-1.917,0.712,57.357,0.338,0.034,77.0
